name,image,mask,intacto,menor,mayor,destruido
nepal-flooding_00000001_post_disaster,dataset\xbd\tier3\images\nepal-flooding_00000001_post_disaster.png,dataset\xbd_masks\nepal-flooding_00000001_post_disaster.png,40120,0,0,0
nepal-flooding_00000002_post_disaster,dataset\xbd\tier3\images\nepal-flooding_00000002_post_disaster.png,dataset\xbd_masks\nepal-flooding_00000002_post_disaster.png,21304,1732,0,0
nepal-flooding_00000003_post_disaster,dataset\xbd\tier3\images\nepal-flooding_00000003_post_disaster.png,dataset\xbd_masks\nepal-flooding_00000003_post_disaster.png,7220,0,0,0
nepal-flooding_00000004_post_disaster,dataset\xbd\tier3\images\nepal-flooding_00000004_post_disaster.png,dataset\xbd_masks\nepal-flooding_00000004_post_disaster.png,9508,1117,339,211
nepal-flooding_00000005_post_disaster,dataset\xbd\tier3\images\nepal-flooding_00000005_post_disaster.png,dataset\xbd_masks\nepal-flooding_00000005_post_disaster.png,33679,630,1221,0
nepal-flooding_00000006_post_disaster,dataset\xbd\tier3\images\nepal-flooding_00000006_post_disaster.png,dataset\xbd_masks\nepal-flooding_00000006_post_disaster.png,109412,0,0,0
nepal-flooding_00000008_post_disaster,dataset\xbd\tier3\images\nepal-flooding_00000008_post_disaster.png,dataset\xbd_masks\nepal-flooding_00000008_post_disaster.png,26128,666,0,0
nepal-flooding_00000009_post_disaster,dataset\xbd\tier3\images\nepal-flooding_00000009_post_disaster.png,dataset\xbd_masks\nepal-flooding_00000009_post_disaster.png,542,2175,1081,176
nepal-flooding_00000010_post_disaster,dataset\xbd\tier3\images\nepal-flooding_00000010_post_disaster.png,dataset\xbd_masks\nepal-flooding_00000010_post_disaster.png,94775,0,0,0
nepal-flooding_00000011_post_disaster,dataset\xbd\tier3\images\nepal-flooding_00000011_post_disaster.png,dataset\xbd_masks\nepal-flooding_00000011_post_disaster.png,0,1490,0,0
nepal-flooding_00000012_post_disaster,dataset\xbd\tier3\images\nepal-flooding_00000012_post_disaster.png,dataset\xbd_masks\nepal-flooding_00000012_post_disaster.png,1064,644,2859,230
nepal-flooding_00000013_post_disaster,dataset\xbd\tier3\images\nepal-flooding_00000013_post_disaster.png,dataset\xbd_masks\nepal-flooding_00000013_post_disaster.png,114536,5727,3580,445
nepal-flooding_00000014_post_disaster,dataset\xbd\tier3\images\nepal-flooding_00000014_post_disaster.png,dataset\xbd_masks\nepal-flooding_00000014_post_disaster.png,0,0,3408,177
nepal-flooding_00000015_post_disaster,dataset\xbd\tier3\images\nepal-flooding_00000015_post_disaster.png,dataset\xbd_masks\nepal-flooding_00000015_post_disaster.png,0,0,7607,0
nepal-flooding_00000016_post_disaster,dataset\xbd\tier3\images\nepal-flooding_00000016_post_disaster.png,dataset\xbd_masks\nepal-flooding_00000016_post_disaster.png,18327,1297,0,0
nepal-flooding_00000017_post_disaster,dataset\xbd\tier3\images\nepal-flooding_00000017_post_disaster.png,dataset\xbd_masks\nepal-flooding_00000017_post_disaster.png,727,429,7293,0
nepal-flooding_00000018_post_disaster,dataset\xbd\tier3\images\nepal-flooding_00000018_post_disaster.png,dataset\xbd_masks\nepal-flooding_00000018_post_disaster.png,0,4286,25199,0
nepal-flooding_00000019_post_disaster,dataset\xbd\tier3\images\nepal-flooding_00000019_post_disaster.png,dataset\xbd_masks\nepal-flooding_00000019_post_disaster.png,747,1527,0,981
nepal-flooding_00000020_post_disaster,dataset\xbd\tier3\images\nepal-flooding_00000020_post_disaster.png,dataset\xbd_masks\nepal-flooding_00000020_post_disaster.png,69152,33025,12988,0
nepal-flooding_00000021_post_disaster,dataset\xbd\tier3\images\nepal-flooding_00000021_post_disaster.png,dataset\xbd_masks\nepal-flooding_00000021_post_disaster.png,0,1006,0,0
nepal-flooding_00000022_post_disaster,dataset\xbd\tier3\images\nepal-flooding_00000022_post_disaster.png,dataset\xbd_masks\nepal-flooding_00000022_post_disaster.png,44699,17568,11860,124
nepal-flooding_00000023_post_disaster,dataset\xbd\tier3\images\nepal-flooding_00000023_post_disaster.png,dataset\xbd_masks\nepal-flooding_00000023_post_disaster.png,34111,13821,13512,0
nepal-flooding_00000025_post_disaster,dataset\xbd\tier3\images\nepal-flooding_00000025_post_disaster.png,dataset\xbd_masks\nepal-flooding_00000025_post_disaster.png,12772,13461,1400,0
nepal-flooding_00000026_post_disaster,dataset\xbd\tier3\images\nepal-flooding_00000026_post_disaster.png,dataset\xbd_masks\nepal-flooding_00000026_post_disaster.png,9272,0,0,0
nepal-flooding_00000027_post_disaster,dataset\xbd\tier3\images\nepal-flooding_00000027_post_disaster.png,dataset\xbd_masks\nepal-flooding_00000027_post_disaster.png,25749,3165,6217,330
nepal-flooding_00000028_post_disaster,dataset\xbd\tier3\images\nepal-flooding_00000028_post_disaster.png,dataset\xbd_masks\nepal-flooding_00000028_post_disaster.png,60434,19821,7445,1065
nepal-flooding_00000029_post_disaster,dataset\xbd\tier3\images\nepal-flooding_00000029_post_disaster.png,dataset\xbd_masks\nepal-flooding_00000029_post_disaster.png,34423,6193,696,0
nepal-flooding_00000030_post_disaster,dataset\xbd\tier3\images\nepal-flooding_00000030_post_disaster.png,dataset\xbd_masks\nepal-flooding_00000030_post_disaster.png,29413,0,0,0
nepal-flooding_00000031_post_disaster,dataset\xbd\tier3\images\nepal-flooding_00000031_post_disaster.png,dataset\xbd_masks\nepal-flooding_00000031_post_disaster.png,63699,19150,4046,0
nepal-flooding_00000033_post_disaster,dataset\xbd\tier3\images\nepal-flooding_00000033_post_disaster.png,dataset\xbd_masks\nepal-flooding_00000033_post_disaster.png,13564,445,0,0
nepal-flooding_00000034_post_disaster,dataset\xbd\tier3\images\nepal-flooding_00000034_post_disaster.png,dataset\xbd_masks\nepal-flooding_00000034_post_disaster.png,31592,12206,2364,664
nepal-flooding_00000035_post_disaster,dataset\xbd\tier3\images\nepal-flooding_00000035_post_disaster.png,dataset\xbd_masks\nepal-flooding_00000035_post_disaster.png,1840,0,0,0
nepal-flooding_00000036_post_disaster,dataset\xbd\tier3\images\nepal-flooding_00000036_post_disaster.png,dataset\xbd_masks\nepal-flooding_00000036_post_disaster.png,10094,33752,15412,207
nepal-flooding_00000037_post_disaster,dataset\xbd\tier3\images\nepal-flooding_00000037_post_disaster.png,dataset\xbd_masks\nepal-flooding_00000037_post_disaster.png,18444,0,0,0
nepal-flooding_00000038_post_disaster,dataset\xbd\tier3\images\nepal-flooding_00000038_post_disaster.png,dataset\xbd_masks\nepal-flooding_00000038_post_disaster.png,21195,4425,0,253
nepal-flooding_00000039_post_disaster,dataset\xbd\tier3\images\nepal-flooding_00000039_post_disaster.png,dataset\xbd_masks\nepal-flooding_00000039_post_disaster.png,4026,5026,0,0
nepal-flooding_00000040_post_disaster,dataset\xbd\tier3\images\nepal-flooding_00000040_post_disaster.png,dataset\xbd_masks\nepal-flooding_00000040_post_disaster.png,0,256,0,0
nepal-flooding_00000042_post_disaster,dataset\xbd\tier3\images\nepal-flooding_00000042_post_disaster.png,dataset\xbd_masks\nepal-flooding_00000042_post_disaster.png,89885,2762,1068,0
nepal-flooding_00000043_post_disaster,dataset\xbd\tier3\images\nepal-flooding_00000043_post_disaster.png,dataset\xbd_masks\nepal-flooding_00000043_post_disaster.png,0,0,275,0
nepal-flooding_00000044_post_disaster,dataset\xbd\tier3\images\nepal-flooding_00000044_post_disaster.png,dataset\xbd_masks\nepal-flooding_00000044_post_disaster.png,46445,27821,0,48
nepal-flooding_00000046_post_disaster,dataset\xbd\tier3\images\nepal-flooding_00000046_post_disaster.png,dataset\xbd_masks\nepal-flooding_00000046_post_disaster.png,0,91,0,0
nepal-flooding_00000047_post_disaster,dataset\xbd\tier3\images\nepal-flooding_00000047_post_disaster.png,dataset\xbd_masks\nepal-flooding_00000047_post_disaster.png,172,44,401,156
nepal-flooding_00000048_post_disaster,dataset\xbd\tier3\images\nepal-flooding_00000048_post_disaster.png,dataset\xbd_masks\nepal-flooding_00000048_post_disaster.png,26582,4261,0,626
nepal-flooding_00000049_post_disaster,dataset\xbd\tier3\images\nepal-flooding_00000049_post_disaster.png,dataset\xbd_masks\nepal-flooding_00000049_post_disaster.png,0,0,6932,182
nepal-flooding_00000050_post_disaster,dataset\xbd\tier3\images\nepal-flooding_00000050_post_disaster.png,dataset\xbd_masks\nepal-flooding_00000050_post_disaster.png,0,0,361,0
nepal-flooding_00000051_post_disaster,dataset\xbd\tier3\images\nepal-flooding_00000051_post_disaster.png,dataset\xbd_masks\nepal-flooding_00000051_post_disaster.png,0,0,870,141
nepal-flooding_00000052_post_disaster,dataset\xbd\tier3\images\nepal-flooding_00000052_post_disaster.png,dataset\xbd_masks\nepal-flooding_00000052_post_disaster.png,42672,0,0,0
nepal-flooding_00000053_post_disaster,dataset\xbd\tier3\images\nepal-flooding_00000053_post_disaster.png,dataset\xbd_masks\nepal-flooding_00000053_post_disaster.png,0,0,0,132
nepal-flooding_00000054_post_disaster,dataset\xbd\tier3\images\nepal-flooding_00000054_post_disaster.png,dataset\xbd_masks\nepal-flooding_00000054_post_disaster.png,0,0,478,366
nepal-flooding_00000055_post_disaster,dataset\xbd\tier3\images\nepal-flooding_00000055_post_disaster.png,dataset\xbd_masks\nepal-flooding_00000055_post_disaster.png,11981,914,1176,161
nepal-flooding_00000056_post_disaster,dataset\xbd\tier3\images\nepal-flooding_00000056_post_disaster.png,dataset\xbd_masks\nepal-flooding_00000056_post_disaster.png,204,376,0,0
nepal-flooding_00000057_post_disaster,dataset\xbd\tier3\images\nepal-flooding_00000057_post_disaster.png,dataset\xbd_masks\nepal-flooding_00000057_post_disaster.png,0,725,4383,148
nepal-flooding_00000058_post_disaster,dataset\xbd\tier3\images\nepal-flooding_00000058_post_disaster.png,dataset\xbd_masks\nepal-flooding_00000058_post_disaster.png,0,0,111,209
nepal-flooding_00000059_post_disaster,dataset\xbd\tier3\images\nepal-flooding_00000059_post_disaster.png,dataset\xbd_masks\nepal-flooding_00000059_post_disaster.png,2437,2926,0,247
nepal-flooding_00000060_post_disaster,dataset\xbd\tier3\images\nepal-flooding_00000060_post_disaster.png,dataset\xbd_masks\nepal-flooding_00000060_post_disaster.png,45661,1189,0,0
nepal-flooding_00000061_post_disaster,dataset\xbd\tier3\images\nepal-flooding_00000061_post_disaster.png,dataset\xbd_masks\nepal-flooding_00000061_post_disaster.png,0,0,177,0
nepal-flooding_00000062_post_disaster,dataset\xbd\tier3\images\nepal-flooding_00000062_post_disaster.png,dataset\xbd_masks\nepal-flooding_00000062_post_disaster.png,0,0,322,186
nepal-flooding_00000063_post_disaster,dataset\xbd\tier3\images\nepal-flooding_00000063_post_disaster.png,dataset\xbd_masks\nepal-flooding_00000063_post_disaster.png,20568,13274,5492,199
nepal-flooding_00000064_post_disaster,dataset\xbd\tier3\images\nepal-flooding_00000064_post_disaster.png,dataset\xbd_masks\nepal-flooding_00000064_post_disaster.png,390,2001,2018,57
nepal-flooding_00000065_post_disaster,dataset\xbd\tier3\images\nepal-flooding_00000065_post_disaster.png,dataset\xbd_masks\nepal-flooding_00000065_post_disaster.png,3935,2436,1586,203
nepal-flooding_00000067_post_disaster,dataset\xbd\tier3\images\nepal-flooding_00000067_post_disaster.png,dataset\xbd_masks\nepal-flooding_00000067_post_disaster.png,0,5495,9755,1131
nepal-flooding_00000068_post_disaster,dataset\xbd\tier3\images\nepal-flooding_00000068_post_disaster.png,dataset\xbd_masks\nepal-flooding_00000068_post_disaster.png,1549,441,0,0
nepal-flooding_00000069_post_disaster,dataset\xbd\tier3\images\nepal-flooding_00000069_post_disaster.png,dataset\xbd_masks\nepal-flooding_00000069_post_disaster.png,152887,18260,0,0
nepal-flooding_00000070_post_disaster,dataset\xbd\tier3\images\nepal-flooding_00000070_post_disaster.png,dataset\xbd_masks\nepal-flooding_00000070_post_disaster.png,0,634,0,0
nepal-flooding_00000072_post_disaster,dataset\xbd\tier3\images\nepal-flooding_00000072_post_disaster.png,dataset\xbd_masks\nepal-flooding_00000072_post_disaster.png,0,0,0,3670
nepal-flooding_00000073_post_disaster,dataset\xbd\tier3\images\nepal-flooding_00000073_post_disaster.png,dataset\xbd_masks\nepal-flooding_00000073_post_disaster.png,48654,1606,0,164
nepal-flooding_00000074_post_disaster,dataset\xbd\tier3\images\nepal-flooding_00000074_post_disaster.png,dataset\xbd_masks\nepal-flooding_00000074_post_disaster.png,59256,10080,447,141
nepal-flooding_00000075_post_disaster,dataset\xbd\tier3\images\nepal-flooding_00000075_post_disaster.png,dataset\xbd_masks\nepal-flooding_00000075_post_disaster.png,95931,1874,0,0
nepal-flooding_00000076_post_disaster,dataset\xbd\tier3\images\nepal-flooding_00000076_post_disaster.png,dataset\xbd_masks\nepal-flooding_00000076_post_disaster.png,55397,12899,0,0
nepal-flooding_00000077_post_disaster,dataset\xbd\tier3\images\nepal-flooding_00000077_post_disaster.png,dataset\xbd_masks\nepal-flooding_00000077_post_disaster.png,109758,1183,1123,89
nepal-flooding_00000078_post_disaster,dataset\xbd\tier3\images\nepal-flooding_00000078_post_disaster.png,dataset\xbd_masks\nepal-flooding_00000078_post_disaster.png,81504,0,1814,202
nepal-flooding_00000079_post_disaster,dataset\xbd\tier3\images\nepal-flooding_00000079_post_disaster.png,dataset\xbd_masks\nepal-flooding_00000079_post_disaster.png,7776,0,277,0
nepal-flooding_00000080_post_disaster,dataset\xbd\tier3\images\nepal-flooding_00000080_post_disaster.png,dataset\xbd_masks\nepal-flooding_00000080_post_disaster.png,4664,706,1081,412
nepal-flooding_00000081_post_disaster,dataset\xbd\tier3\images\nepal-flooding_00000081_post_disaster.png,dataset\xbd_masks\nepal-flooding_00000081_post_disaster.png,0,0,1157,0
nepal-flooding_00000082_post_disaster,dataset\xbd\tier3\images\nepal-flooding_00000082_post_disaster.png,dataset\xbd_masks\nepal-flooding_00000082_post_disaster.png,22070,8259,7128,110
nepal-flooding_00000083_post_disaster,dataset\xbd\tier3\images\nepal-flooding_00000083_post_disaster.png,dataset\xbd_masks\nepal-flooding_00000083_post_disaster.png,16585,3566,3672,294
nepal-flooding_00000084_post_disaster,dataset\xbd\tier3\images\nepal-flooding_00000084_post_disaster.png,dataset\xbd_masks\nepal-flooding_00000084_post_disaster.png,21744,273,905,0
nepal-flooding_00000085_post_disaster,dataset\xbd\tier3\images\nepal-flooding_00000085_post_disaster.png,dataset\xbd_masks\nepal-flooding_00000085_post_disaster.png,0,4531,7152,0
nepal-flooding_00000086_post_disaster,dataset\xbd\tier3\images\nepal-flooding_00000086_post_disaster.png,dataset\xbd_masks\nepal-flooding_00000086_post_disaster.png,34299,7048,2655,106
nepal-flooding_00000087_post_disaster,dataset\xbd\tier3\images\nepal-flooding_00000087_post_disaster.png,dataset\xbd_masks\nepal-flooding_00000087_post_disaster.png,40455,6862,273,0
nepal-flooding_00000088_post_disaster,dataset\xbd\tier3\images\nepal-flooding_00000088_post_disaster.png,dataset\xbd_masks\nepal-flooding_00000088_post_disaster.png,36312,3449,471,0
nepal-flooding_00000089_post_disaster,dataset\xbd\tier3\images\nepal-flooding_00000089_post_disaster.png,dataset\xbd_masks\nepal-flooding_00000089_post_disaster.png,892,1091,0,0
nepal-flooding_00000090_post_disaster,dataset\xbd\tier3\images\nepal-flooding_00000090_post_disaster.png,dataset\xbd_masks\nepal-flooding_00000090_post_disaster.png,3821,3877,0,0
nepal-flooding_00000091_post_disaster,dataset\xbd\tier3\images\nepal-flooding_00000091_post_disaster.png,dataset\xbd_masks\nepal-flooding_00000091_post_disaster.png,22720,5511,157,0
nepal-flooding_00000093_post_disaster,dataset\xbd\tier3\images\nepal-flooding_00000093_post_disaster.png,dataset\xbd_masks\nepal-flooding_00000093_post_disaster.png,789,4146,1877,149
nepal-flooding_00000094_post_disaster,dataset\xbd\tier3\images\nepal-flooding_00000094_post_disaster.png,dataset\xbd_masks\nepal-flooding_00000094_post_disaster.png,80522,6972,2730,0
nepal-flooding_00000095_post_disaster,dataset\xbd\tier3\images\nepal-flooding_00000095_post_disaster.png,dataset\xbd_masks\nepal-flooding_00000095_post_disaster.png,0,0,960,40
nepal-flooding_00000096_post_disaster,dataset\xbd\tier3\images\nepal-flooding_00000096_post_disaster.png,dataset\xbd_masks\nepal-flooding_00000096_post_disaster.png,86012,7739,0,59
nepal-flooding_00000097_post_disaster,dataset\xbd\tier3\images\nepal-flooding_00000097_post_disaster.png,dataset\xbd_masks\nepal-flooding_00000097_post_disaster.png,0,0,0,196
nepal-flooding_00000098_post_disaster,dataset\xbd\tier3\images\nepal-flooding_00000098_post_disaster.png,dataset\xbd_masks\nepal-flooding_00000098_post_disaster.png,746,0,0,0
nepal-flooding_00000099_post_disaster,dataset\xbd\tier3\images\nepal-flooding_00000099_post_disaster.png,dataset\xbd_masks\nepal-flooding_00000099_post_disaster.png,0,0,1753,0
nepal-flooding_00000100_post_disaster,dataset\xbd\tier3\images\nepal-flooding_00000100_post_disaster.png,dataset\xbd_masks\nepal-flooding_00000100_post_disaster.png,12379,2479,1919,0
nepal-flooding_00000101_post_disaster,dataset\xbd\tier3\images\nepal-flooding_00000101_post_disaster.png,dataset\xbd_masks\nepal-flooding_00000101_post_disaster.png,25440,2149,0,0
nepal-flooding_00000102_post_disaster,dataset\xbd\tier3\images\nepal-flooding_00000102_post_disaster.png,dataset\xbd_masks\nepal-flooding_00000102_post_disaster.png,236,0,0,0
nepal-flooding_00000104_post_disaster,dataset\xbd\tier3\images\nepal-flooding_00000104_post_disaster.png,dataset\xbd_masks\nepal-flooding_00000104_post_disaster.png,20323,2137,5665,366
nepal-flooding_00000105_post_disaster,dataset\xbd\tier3\images\nepal-flooding_00000105_post_disaster.png,dataset\xbd_masks\nepal-flooding_00000105_post_disaster.png,18596,4262,4999,0
nepal-flooding_00000106_post_disaster,dataset\xbd\tier3\images\nepal-flooding_00000106_post_disaster.png,dataset\xbd_masks\nepal-flooding_00000106_post_disaster.png,757,0,6082,0
nepal-flooding_00000107_post_disaster,dataset\xbd\tier3\images\nepal-flooding_00000107_post_disaster.png,dataset\xbd_masks\nepal-flooding_00000107_post_disaster.png,12126,6704,5107,0
nepal-flooding_00000108_post_disaster,dataset\xbd\tier3\images\nepal-flooding_00000108_post_disaster.png,dataset\xbd_masks\nepal-flooding_00000108_post_disaster.png,0,0,555,83
nepal-flooding_00000109_post_disaster,dataset\xbd\tier3\images\nepal-flooding_00000109_post_disaster.png,dataset\xbd_masks\nepal-flooding_00000109_post_disaster.png,20773,7040,3513,187
nepal-flooding_00000110_post_disaster,dataset\xbd\tier3\images\nepal-flooding_00000110_post_disaster.png,dataset\xbd_masks\nepal-flooding_00000110_post_disaster.png,1391,862,0,95
nepal-flooding_00000111_post_disaster,dataset\xbd\tier3\images\nepal-flooding_00000111_post_disaster.png,dataset\xbd_masks\nepal-flooding_00000111_post_disaster.png,0,0,84,696
nepal-flooding_00000112_post_disaster,dataset\xbd\tier3\images\nepal-flooding_00000112_post_disaster.png,dataset\xbd_masks\nepal-flooding_00000112_post_disaster.png,29387,8795,3711,0
nepal-flooding_00000113_post_disaster,dataset\xbd\tier3\images\nepal-flooding_00000113_post_disaster.png,dataset\xbd_masks\nepal-flooding_00000113_post_disaster.png,9072,1653,840,0
nepal-flooding_00000114_post_disaster,dataset\xbd\tier3\images\nepal-flooding_00000114_post_disaster.png,dataset\xbd_masks\nepal-flooding_00000114_post_disaster.png,16864,7245,0,119
nepal-flooding_00000115_post_disaster,dataset\xbd\tier3\images\nepal-flooding_00000115_post_disaster.png,dataset\xbd_masks\nepal-flooding_00000115_post_disaster.png,72,0,0,340
nepal-flooding_00000116_post_disaster,dataset\xbd\tier3\images\nepal-flooding_00000116_post_disaster.png,dataset\xbd_masks\nepal-flooding_00000116_post_disaster.png,3246,1131,848,0
nepal-flooding_00000117_post_disaster,dataset\xbd\tier3\images\nepal-flooding_00000117_post_disaster.png,dataset\xbd_masks\nepal-flooding_00000117_post_disaster.png,118639,4756,0,0
nepal-flooding_00000118_post_disaster,dataset\xbd\tier3\images\nepal-flooding_00000118_post_disaster.png,dataset\xbd_masks\nepal-flooding_00000118_post_disaster.png,9606,3067,1599,52
nepal-flooding_00000119_post_disaster,dataset\xbd\tier3\images\nepal-flooding_00000119_post_disaster.png,dataset\xbd_masks\nepal-flooding_00000119_post_disaster.png,23798,27144,13530,363
nepal-flooding_00000120_post_disaster,dataset\xbd\tier3\images\nepal-flooding_00000120_post_disaster.png,dataset\xbd_masks\nepal-flooding_00000120_post_disaster.png,186,0,1242,710
nepal-flooding_00000121_post_disaster,dataset\xbd\tier3\images\nepal-flooding_00000121_post_disaster.png,dataset\xbd_masks\nepal-flooding_00000121_post_disaster.png,0,0,0,35
nepal-flooding_00000122_post_disaster,dataset\xbd\tier3\images\nepal-flooding_00000122_post_disaster.png,dataset\xbd_masks\nepal-flooding_00000122_post_disaster.png,30740,4013,4977,1095
nepal-flooding_00000123_post_disaster,dataset\xbd\tier3\images\nepal-flooding_00000123_post_disaster.png,dataset\xbd_masks\nepal-flooding_00000123_post_disaster.png,139332,12212,0,2626
nepal-flooding_00000124_post_disaster,dataset\xbd\tier3\images\nepal-flooding_00000124_post_disaster.png,dataset\xbd_masks\nepal-flooding_00000124_post_disaster.png,4829,4667,2098,0
nepal-flooding_00000125_post_disaster,dataset\xbd\tier3\images\nepal-flooding_00000125_post_disaster.png,dataset\xbd_masks\nepal-flooding_00000125_post_disaster.png,94455,257,0,0
nepal-flooding_00000126_post_disaster,dataset\xbd\tier3\images\nepal-flooding_00000126_post_disaster.png,dataset\xbd_masks\nepal-flooding_00000126_post_disaster.png,63894,14900,14190,0
nepal-flooding_00000127_post_disaster,dataset\xbd\tier3\images\nepal-flooding_00000127_post_disaster.png,dataset\xbd_masks\nepal-flooding_00000127_post_disaster.png,10798,2283,683,0
nepal-flooding_00000128_post_disaster,dataset\xbd\tier3\images\nepal-flooding_00000128_post_disaster.png,dataset\xbd_masks\nepal-flooding_00000128_post_disaster.png,0,591,1978,622
nepal-flooding_00000129_post_disaster,dataset\xbd\tier3\images\nepal-flooding_00000129_post_disaster.png,dataset\xbd_masks\nepal-flooding_00000129_post_disaster.png,30990,4707,442,0
nepal-flooding_00000131_post_disaster,dataset\xbd\tier3\images\nepal-flooding_00000131_post_disaster.png,dataset\xbd_masks\nepal-flooding_00000131_post_disaster.png,1060,0,0,0
nepal-flooding_00000132_post_disaster,dataset\xbd\tier3\images\nepal-flooding_00000132_post_disaster.png,dataset\xbd_masks\nepal-flooding_00000132_post_disaster.png,2531,0,0,1227
nepal-flooding_00000133_post_disaster,dataset\xbd\tier3\images\nepal-flooding_00000133_post_disaster.png,dataset\xbd_masks\nepal-flooding_00000133_post_disaster.png,60966,4289,0,0
nepal-flooding_00000134_post_disaster,dataset\xbd\tier3\images\nepal-flooding_00000134_post_disaster.png,dataset\xbd_masks\nepal-flooding_00000134_post_disaster.png,1908,0,2080,0
nepal-flooding_00000136_post_disaster,dataset\xbd\tier3\images\nepal-flooding_00000136_post_disaster.png,dataset\xbd_masks\nepal-flooding_00000136_post_disaster.png,38060,11486,0,0
nepal-flooding_00000138_post_disaster,dataset\xbd\tier3\images\nepal-flooding_00000138_post_disaster.png,dataset\xbd_masks\nepal-flooding_00000138_post_disaster.png,94216,567,3503,0
nepal-flooding_00000139_post_disaster,dataset\xbd\tier3\images\nepal-flooding_00000139_post_disaster.png,dataset\xbd_masks\nepal-flooding_00000139_post_disaster.png,11568,0,415,0
nepal-flooding_00000140_post_disaster,dataset\xbd\tier3\images\nepal-flooding_00000140_post_disaster.png,dataset\xbd_masks\nepal-flooding_00000140_post_disaster.png,0,0,1922,0
nepal-flooding_00000141_post_disaster,dataset\xbd\tier3\images\nepal-flooding_00000141_post_disaster.png,dataset\xbd_masks\nepal-flooding_00000141_post_disaster.png,0,0,2763,0
nepal-flooding_00000142_post_disaster,dataset\xbd\tier3\images\nepal-flooding_00000142_post_disaster.png,dataset\xbd_masks\nepal-flooding_00000142_post_disaster.png,107399,8895,57,0
nepal-flooding_00000143_post_disaster,dataset\xbd\tier3\images\nepal-flooding_00000143_post_disaster.png,dataset\xbd_masks\nepal-flooding_00000143_post_disaster.png,1208,91,0,0
nepal-flooding_00000144_post_disaster,dataset\xbd\tier3\images\nepal-flooding_00000144_post_disaster.png,dataset\xbd_masks\nepal-flooding_00000144_post_disaster.png,0,0,1034,0
nepal-flooding_00000145_post_disaster,dataset\xbd\tier3\images\nepal-flooding_00000145_post_disaster.png,dataset\xbd_masks\nepal-flooding_00000145_post_disaster.png,7861,2791,759,89
nepal-flooding_00000146_post_disaster,dataset\xbd\tier3\images\nepal-flooding_00000146_post_disaster.png,dataset\xbd_masks\nepal-flooding_00000146_post_disaster.png,0,0,13077,0
nepal-flooding_00000147_post_disaster,dataset\xbd\tier3\images\nepal-flooding_00000147_post_disaster.png,dataset\xbd_masks\nepal-flooding_00000147_post_disaster.png,1598,0,32421,0
nepal-flooding_00000148_post_disaster,dataset\xbd\tier3\images\nepal-flooding_00000148_post_disaster.png,dataset\xbd_masks\nepal-flooding_00000148_post_disaster.png,3212,0,0,0
nepal-flooding_00000149_post_disaster,dataset\xbd\tier3\images\nepal-flooding_00000149_post_disaster.png,dataset\xbd_masks\nepal-flooding_00000149_post_disaster.png,88449,3071,0,0
nepal-flooding_00000150_post_disaster,dataset\xbd\tier3\images\nepal-flooding_00000150_post_disaster.png,dataset\xbd_masks\nepal-flooding_00000150_post_disaster.png,2613,0,2749,174
nepal-flooding_00000151_post_disaster,dataset\xbd\tier3\images\nepal-flooding_00000151_post_disaster.png,dataset\xbd_masks\nepal-flooding_00000151_post_disaster.png,0,0,483,0
nepal-flooding_00000152_post_disaster,dataset\xbd\tier3\images\nepal-flooding_00000152_post_disaster.png,dataset\xbd_masks\nepal-flooding_00000152_post_disaster.png,12565,14914,3138,0
nepal-flooding_00000153_post_disaster,dataset\xbd\tier3\images\nepal-flooding_00000153_post_disaster.png,dataset\xbd_masks\nepal-flooding_00000153_post_disaster.png,1276,324,0,0
nepal-flooding_00000155_post_disaster,dataset\xbd\tier3\images\nepal-flooding_00000155_post_disaster.png,dataset\xbd_masks\nepal-flooding_00000155_post_disaster.png,12024,189,119,0
nepal-flooding_00000156_post_disaster,dataset\xbd\tier3\images\nepal-flooding_00000156_post_disaster.png,dataset\xbd_masks\nepal-flooding_00000156_post_disaster.png,0,0,0,82
nepal-flooding_00000157_post_disaster,dataset\xbd\tier3\images\nepal-flooding_00000157_post_disaster.png,dataset\xbd_masks\nepal-flooding_00000157_post_disaster.png,0,0,167,0
nepal-flooding_00000158_post_disaster,dataset\xbd\tier3\images\nepal-flooding_00000158_post_disaster.png,dataset\xbd_masks\nepal-flooding_00000158_post_disaster.png,0,4666,2112,0
nepal-flooding_00000159_post_disaster,dataset\xbd\tier3\images\nepal-flooding_00000159_post_disaster.png,dataset\xbd_masks\nepal-flooding_00000159_post_disaster.png,8506,792,1124,0
nepal-flooding_00000160_post_disaster,dataset\xbd\tier3\images\nepal-flooding_00000160_post_disaster.png,dataset\xbd_masks\nepal-flooding_00000160_post_disaster.png,16347,6595,0,0
nepal-flooding_00000161_post_disaster,dataset\xbd\tier3\images\nepal-flooding_00000161_post_disaster.png,dataset\xbd_masks\nepal-flooding_00000161_post_disaster.png,0,0,925,0
nepal-flooding_00000162_post_disaster,dataset\xbd\tier3\images\nepal-flooding_00000162_post_disaster.png,dataset\xbd_masks\nepal-flooding_00000162_post_disaster.png,8511,5203,4781,0
nepal-flooding_00000163_post_disaster,dataset\xbd\tier3\images\nepal-flooding_00000163_post_disaster.png,dataset\xbd_masks\nepal-flooding_00000163_post_disaster.png,12419,0,0,0
nepal-flooding_00000164_post_disaster,dataset\xbd\tier3\images\nepal-flooding_00000164_post_disaster.png,dataset\xbd_masks\nepal-flooding_00000164_post_disaster.png,12440,4297,1952,211
nepal-flooding_00000165_post_disaster,dataset\xbd\tier3\images\nepal-flooding_00000165_post_disaster.png,dataset\xbd_masks\nepal-flooding_00000165_post_disaster.png,34435,12862,4937,0
nepal-flooding_00000166_post_disaster,dataset\xbd\tier3\images\nepal-flooding_00000166_post_disaster.png,dataset\xbd_masks\nepal-flooding_00000166_post_disaster.png,3970,3710,11779,262
nepal-flooding_00000167_post_disaster,dataset\xbd\tier3\images\nepal-flooding_00000167_post_disaster.png,dataset\xbd_masks\nepal-flooding_00000167_post_disaster.png,0,0,4862,1187
nepal-flooding_00000168_post_disaster,dataset\xbd\tier3\images\nepal-flooding_00000168_post_disaster.png,dataset\xbd_masks\nepal-flooding_00000168_post_disaster.png,69880,5579,0,0
nepal-flooding_00000169_post_disaster,dataset\xbd\tier3\images\nepal-flooding_00000169_post_disaster.png,dataset\xbd_masks\nepal-flooding_00000169_post_disaster.png,13468,532,1332,108
nepal-flooding_00000170_post_disaster,dataset\xbd\tier3\images\nepal-flooding_00000170_post_disaster.png,dataset\xbd_masks\nepal-flooding_00000170_post_disaster.png,11795,24430,5440,0
nepal-flooding_00000171_post_disaster,dataset\xbd\tier3\images\nepal-flooding_00000171_post_disaster.png,dataset\xbd_masks\nepal-flooding_00000171_post_disaster.png,0,0,449,0
nepal-flooding_00000172_post_disaster,dataset\xbd\tier3\images\nepal-flooding_00000172_post_disaster.png,dataset\xbd_masks\nepal-flooding_00000172_post_disaster.png,1219,444,0,0
nepal-flooding_00000173_post_disaster,dataset\xbd\tier3\images\nepal-flooding_00000173_post_disaster.png,dataset\xbd_masks\nepal-flooding_00000173_post_disaster.png,33310,13351,11022,332
nepal-flooding_00000174_post_disaster,dataset\xbd\tier3\images\nepal-flooding_00000174_post_disaster.png,dataset\xbd_masks\nepal-flooding_00000174_post_disaster.png,33637,7861,0,0
nepal-flooding_00000176_post_disaster,dataset\xbd\tier3\images\nepal-flooding_00000176_post_disaster.png,dataset\xbd_masks\nepal-flooding_00000176_post_disaster.png,6135,8500,5345,0
nepal-flooding_00000178_post_disaster,dataset\xbd\tier3\images\nepal-flooding_00000178_post_disaster.png,dataset\xbd_masks\nepal-flooding_00000178_post_disaster.png,70051,4978,3648,0
nepal-flooding_00000179_post_disaster,dataset\xbd\tier3\images\nepal-flooding_00000179_post_disaster.png,dataset\xbd_masks\nepal-flooding_00000179_post_disaster.png,12547,0,0,0
nepal-flooding_00000180_post_disaster,dataset\xbd\tier3\images\nepal-flooding_00000180_post_disaster.png,dataset\xbd_masks\nepal-flooding_00000180_post_disaster.png,74515,1950,0,0
nepal-flooding_00000181_post_disaster,dataset\xbd\tier3\images\nepal-flooding_00000181_post_disaster.png,dataset\xbd_masks\nepal-flooding_00000181_post_disaster.png,45340,0,0,0
nepal-flooding_00000182_post_disaster,dataset\xbd\tier3\images\nepal-flooding_00000182_post_disaster.png,dataset\xbd_masks\nepal-flooding_00000182_post_disaster.png,11594,0,0,0
nepal-flooding_00000183_post_disaster,dataset\xbd\tier3\images\nepal-flooding_00000183_post_disaster.png,dataset\xbd_masks\nepal-flooding_00000183_post_disaster.png,26877,0,0,0
nepal-flooding_00000184_post_disaster,dataset\xbd\tier3\images\nepal-flooding_00000184_post_disaster.png,dataset\xbd_masks\nepal-flooding_00000184_post_disaster.png,2703,0,0,0
nepal-flooding_00000185_post_disaster,dataset\xbd\tier3\images\nepal-flooding_00000185_post_disaster.png,dataset\xbd_masks\nepal-flooding_00000185_post_disaster.png,0,0,227,0
nepal-flooding_00000186_post_disaster,dataset\xbd\tier3\images\nepal-flooding_00000186_post_disaster.png,dataset\xbd_masks\nepal-flooding_00000186_post_disaster.png,0,0,557,0
nepal-flooding_00000188_post_disaster,dataset\xbd\tier3\images\nepal-flooding_00000188_post_disaster.png,dataset\xbd_masks\nepal-flooding_00000188_post_disaster.png,27323,0,0,0
nepal-flooding_00000190_post_disaster,dataset\xbd\tier3\images\nepal-flooding_00000190_post_disaster.png,dataset\xbd_masks\nepal-flooding_00000190_post_disaster.png,1121,4052,3625,265
nepal-flooding_00000191_post_disaster,dataset\xbd\tier3\images\nepal-flooding_00000191_post_disaster.png,dataset\xbd_masks\nepal-flooding_00000191_post_disaster.png,4979,0,0,0
nepal-flooding_00000192_post_disaster,dataset\xbd\tier3\images\nepal-flooding_00000192_post_disaster.png,dataset\xbd_masks\nepal-flooding_00000192_post_disaster.png,2265,0,0,0
nepal-flooding_00000193_post_disaster,dataset\xbd\tier3\images\nepal-flooding_00000193_post_disaster.png,dataset\xbd_masks\nepal-flooding_00000193_post_disaster.png,0,215,135,0
nepal-flooding_00000194_post_disaster,dataset\xbd\tier3\images\nepal-flooding_00000194_post_disaster.png,dataset\xbd_masks\nepal-flooding_00000194_post_disaster.png,51288,25727,1266,0
nepal-flooding_00000195_post_disaster,dataset\xbd\tier3\images\nepal-flooding_00000195_post_disaster.png,dataset\xbd_masks\nepal-flooding_00000195_post_disaster.png,0,0,0,530
nepal-flooding_00000196_post_disaster,dataset\xbd\tier3\images\nepal-flooding_00000196_post_disaster.png,dataset\xbd_masks\nepal-flooding_00000196_post_disaster.png,14654,1135,0,0
nepal-flooding_00000197_post_disaster,dataset\xbd\tier3\images\nepal-flooding_00000197_post_disaster.png,dataset\xbd_masks\nepal-flooding_00000197_post_disaster.png,17586,34203,10989,0
nepal-flooding_00000198_post_disaster,dataset\xbd\tier3\images\nepal-flooding_00000198_post_disaster.png,dataset\xbd_masks\nepal-flooding_00000198_post_disaster.png,60252,0,0,0
nepal-flooding_00000200_post_disaster,dataset\xbd\tier3\images\nepal-flooding_00000200_post_disaster.png,dataset\xbd_masks\nepal-flooding_00000200_post_disaster.png,5546,6555,9124,193
nepal-flooding_00000201_post_disaster,dataset\xbd\tier3\images\nepal-flooding_00000201_post_disaster.png,dataset\xbd_masks\nepal-flooding_00000201_post_disaster.png,112553,6545,250,0
nepal-flooding_00000202_post_disaster,dataset\xbd\tier3\images\nepal-flooding_00000202_post_disaster.png,dataset\xbd_masks\nepal-flooding_00000202_post_disaster.png,0,0,1515,0
nepal-flooding_00000203_post_disaster,dataset\xbd\tier3\images\nepal-flooding_00000203_post_disaster.png,dataset\xbd_masks\nepal-flooding_00000203_post_disaster.png,51986,8716,6745,130
nepal-flooding_00000204_post_disaster,dataset\xbd\tier3\images\nepal-flooding_00000204_post_disaster.png,dataset\xbd_masks\nepal-flooding_00000204_post_disaster.png,1482,0,32839,665
nepal-flooding_00000205_post_disaster,dataset\xbd\tier3\images\nepal-flooding_00000205_post_disaster.png,dataset\xbd_masks\nepal-flooding_00000205_post_disaster.png,9696,1594,0,0
nepal-flooding_00000206_post_disaster,dataset\xbd\tier3\images\nepal-flooding_00000206_post_disaster.png,dataset\xbd_masks\nepal-flooding_00000206_post_disaster.png,5161,4132,5767,393
nepal-flooding_00000207_post_disaster,dataset\xbd\tier3\images\nepal-flooding_00000207_post_disaster.png,dataset\xbd_masks\nepal-flooding_00000207_post_disaster.png,29506,7338,204,0
nepal-flooding_00000209_post_disaster,dataset\xbd\tier3\images\nepal-flooding_00000209_post_disaster.png,dataset\xbd_masks\nepal-flooding_00000209_post_disaster.png,131704,27448,2018,0
nepal-flooding_00000210_post_disaster,dataset\xbd\tier3\images\nepal-flooding_00000210_post_disaster.png,dataset\xbd_masks\nepal-flooding_00000210_post_disaster.png,0,0,4279,0
nepal-flooding_00000211_post_disaster,dataset\xbd\tier3\images\nepal-flooding_00000211_post_disaster.png,dataset\xbd_masks\nepal-flooding_00000211_post_disaster.png,16789,3100,4452,0
nepal-flooding_00000212_post_disaster,dataset\xbd\tier3\images\nepal-flooding_00000212_post_disaster.png,dataset\xbd_masks\nepal-flooding_00000212_post_disaster.png,12215,273,0,0
nepal-flooding_00000213_post_disaster,dataset\xbd\tier3\images\nepal-flooding_00000213_post_disaster.png,dataset\xbd_masks\nepal-flooding_00000213_post_disaster.png,46422,5006,0,0
nepal-flooding_00000214_post_disaster,dataset\xbd\tier3\images\nepal-flooding_00000214_post_disaster.png,dataset\xbd_masks\nepal-flooding_00000214_post_disaster.png,54545,4610,5849,0
nepal-flooding_00000215_post_disaster,dataset\xbd\tier3\images\nepal-flooding_00000215_post_disaster.png,dataset\xbd_masks\nepal-flooding_00000215_post_disaster.png,0,4642,10461,0
nepal-flooding_00000216_post_disaster,dataset\xbd\tier3\images\nepal-flooding_00000216_post_disaster.png,dataset\xbd_masks\nepal-flooding_00000216_post_disaster.png,26460,5908,0,148
nepal-flooding_00000217_post_disaster,dataset\xbd\tier3\images\nepal-flooding_00000217_post_disaster.png,dataset\xbd_masks\nepal-flooding_00000217_post_disaster.png,8526,453,0,254
nepal-flooding_00000218_post_disaster,dataset\xbd\tier3\images\nepal-flooding_00000218_post_disaster.png,dataset\xbd_masks\nepal-flooding_00000218_post_disaster.png,10469,7557,6296,376
nepal-flooding_00000219_post_disaster,dataset\xbd\tier3\images\nepal-flooding_00000219_post_disaster.png,dataset\xbd_masks\nepal-flooding_00000219_post_disaster.png,29445,4558,162,0
nepal-flooding_00000220_post_disaster,dataset\xbd\tier3\images\nepal-flooding_00000220_post_disaster.png,dataset\xbd_masks\nepal-flooding_00000220_post_disaster.png,24594,682,0,0
nepal-flooding_00000221_post_disaster,dataset\xbd\tier3\images\nepal-flooding_00000221_post_disaster.png,dataset\xbd_masks\nepal-flooding_00000221_post_disaster.png,15601,0,0,0
nepal-flooding_00000222_post_disaster,dataset\xbd\tier3\images\nepal-flooding_00000222_post_disaster.png,dataset\xbd_masks\nepal-flooding_00000222_post_disaster.png,25106,980,72,0
nepal-flooding_00000223_post_disaster,dataset\xbd\tier3\images\nepal-flooding_00000223_post_disaster.png,dataset\xbd_masks\nepal-flooding_00000223_post_disaster.png,16369,2500,4845,46
nepal-flooding_00000224_post_disaster,dataset\xbd\tier3\images\nepal-flooding_00000224_post_disaster.png,dataset\xbd_masks\nepal-flooding_00000224_post_disaster.png,28884,128,0,0
nepal-flooding_00000225_post_disaster,dataset\xbd\tier3\images\nepal-flooding_00000225_post_disaster.png,dataset\xbd_masks\nepal-flooding_00000225_post_disaster.png,84692,27748,40098,1483
nepal-flooding_00000227_post_disaster,dataset\xbd\tier3\images\nepal-flooding_00000227_post_disaster.png,dataset\xbd_masks\nepal-flooding_00000227_post_disaster.png,0,0,9112,158
nepal-flooding_00000228_post_disaster,dataset\xbd\tier3\images\nepal-flooding_00000228_post_disaster.png,dataset\xbd_masks\nepal-flooding_00000228_post_disaster.png,28063,0,0,0
nepal-flooding_00000229_post_disaster,dataset\xbd\tier3\images\nepal-flooding_00000229_post_disaster.png,dataset\xbd_masks\nepal-flooding_00000229_post_disaster.png,581,0,3226,704
nepal-flooding_00000230_post_disaster,dataset\xbd\tier3\images\nepal-flooding_00000230_post_disaster.png,dataset\xbd_masks\nepal-flooding_00000230_post_disaster.png,0,0,7732,0
nepal-flooding_00000231_post_disaster,dataset\xbd\tier3\images\nepal-flooding_00000231_post_disaster.png,dataset\xbd_masks\nepal-flooding_00000231_post_disaster.png,6473,22419,43028,853
nepal-flooding_00000232_post_disaster,dataset\xbd\tier3\images\nepal-flooding_00000232_post_disaster.png,dataset\xbd_masks\nepal-flooding_00000232_post_disaster.png,43002,6052,19624,131
nepal-flooding_00000233_post_disaster,dataset\xbd\tier3\images\nepal-flooding_00000233_post_disaster.png,dataset\xbd_masks\nepal-flooding_00000233_post_disaster.png,948,0,0,0
nepal-flooding_00000234_post_disaster,dataset\xbd\tier3\images\nepal-flooding_00000234_post_disaster.png,dataset\xbd_masks\nepal-flooding_00000234_post_disaster.png,34000,0,0,0
nepal-flooding_00000235_post_disaster,dataset\xbd\tier3\images\nepal-flooding_00000235_post_disaster.png,dataset\xbd_masks\nepal-flooding_00000235_post_disaster.png,22359,14634,14324,605
nepal-flooding_00000236_post_disaster,dataset\xbd\tier3\images\nepal-flooding_00000236_post_disaster.png,dataset\xbd_masks\nepal-flooding_00000236_post_disaster.png,792,0,4118,0
nepal-flooding_00000237_post_disaster,dataset\xbd\tier3\images\nepal-flooding_00000237_post_disaster.png,dataset\xbd_masks\nepal-flooding_00000237_post_disaster.png,0,0,274,0
nepal-flooding_00000238_post_disaster,dataset\xbd\tier3\images\nepal-flooding_00000238_post_disaster.png,dataset\xbd_masks\nepal-flooding_00000238_post_disaster.png,0,0,2053,0
nepal-flooding_00000239_post_disaster,dataset\xbd\tier3\images\nepal-flooding_00000239_post_disaster.png,dataset\xbd_masks\nepal-flooding_00000239_post_disaster.png,40196,1122,0,0
nepal-flooding_00000240_post_disaster,dataset\xbd\tier3\images\nepal-flooding_00000240_post_disaster.png,dataset\xbd_masks\nepal-flooding_00000240_post_disaster.png,327,0,9874,1304
nepal-flooding_00000241_post_disaster,dataset\xbd\tier3\images\nepal-flooding_00000241_post_disaster.png,dataset\xbd_masks\nepal-flooding_00000241_post_disaster.png,0,0,204,56
nepal-flooding_00000242_post_disaster,dataset\xbd\tier3\images\nepal-flooding_00000242_post_disaster.png,dataset\xbd_masks\nepal-flooding_00000242_post_disaster.png,10036,7348,308,246
nepal-flooding_00000243_post_disaster,dataset\xbd\tier3\images\nepal-flooding_00000243_post_disaster.png,dataset\xbd_masks\nepal-flooding_00000243_post_disaster.png,0,0,880,0
nepal-flooding_00000244_post_disaster,dataset\xbd\tier3\images\nepal-flooding_00000244_post_disaster.png,dataset\xbd_masks\nepal-flooding_00000244_post_disaster.png,64,0,2174,0
nepal-flooding_00000245_post_disaster,dataset\xbd\tier3\images\nepal-flooding_00000245_post_disaster.png,dataset\xbd_masks\nepal-flooding_00000245_post_disaster.png,430,0,3380,1227
nepal-flooding_00000246_post_disaster,dataset\xbd\tier3\images\nepal-flooding_00000246_post_disaster.png,dataset\xbd_masks\nepal-flooding_00000246_post_disaster.png,1266,389,0,0
nepal-flooding_00000247_post_disaster,dataset\xbd\tier3\images\nepal-flooding_00000247_post_disaster.png,dataset\xbd_masks\nepal-flooding_00000247_post_disaster.png,0,0,5783,456
nepal-flooding_00000248_post_disaster,dataset\xbd\tier3\images\nepal-flooding_00000248_post_disaster.png,dataset\xbd_masks\nepal-flooding_00000248_post_disaster.png,307,0,0,0
nepal-flooding_00000249_post_disaster,dataset\xbd\tier3\images\nepal-flooding_00000249_post_disaster.png,dataset\xbd_masks\nepal-flooding_00000249_post_disaster.png,30436,29255,40918,0
nepal-flooding_00000250_post_disaster,dataset\xbd\tier3\images\nepal-flooding_00000250_post_disaster.png,dataset\xbd_masks\nepal-flooding_00000250_post_disaster.png,760,12495,15158,917
nepal-flooding_00000251_post_disaster,dataset\xbd\tier3\images\nepal-flooding_00000251_post_disaster.png,dataset\xbd_masks\nepal-flooding_00000251_post_disaster.png,451,1648,21504,121
nepal-flooding_00000253_post_disaster,dataset\xbd\tier3\images\nepal-flooding_00000253_post_disaster.png,dataset\xbd_masks\nepal-flooding_00000253_post_disaster.png,55355,10751,14467,482
nepal-flooding_00000254_post_disaster,dataset\xbd\tier3\images\nepal-flooding_00000254_post_disaster.png,dataset\xbd_masks\nepal-flooding_00000254_post_disaster.png,132,0,19648,976
nepal-flooding_00000255_post_disaster,dataset\xbd\tier3\images\nepal-flooding_00000255_post_disaster.png,dataset\xbd_masks\nepal-flooding_00000255_post_disaster.png,0,0,844,0
nepal-flooding_00000256_post_disaster,dataset\xbd\tier3\images\nepal-flooding_00000256_post_disaster.png,dataset\xbd_masks\nepal-flooding_00000256_post_disaster.png,3207,3896,1278,337
nepal-flooding_00000257_post_disaster,dataset\xbd\tier3\images\nepal-flooding_00000257_post_disaster.png,dataset\xbd_masks\nepal-flooding_00000257_post_disaster.png,0,0,3145,163
nepal-flooding_00000258_post_disaster,dataset\xbd\tier3\images\nepal-flooding_00000258_post_disaster.png,dataset\xbd_masks\nepal-flooding_00000258_post_disaster.png,6241,1439,3349,935
nepal-flooding_00000259_post_disaster,dataset\xbd\tier3\images\nepal-flooding_00000259_post_disaster.png,dataset\xbd_masks\nepal-flooding_00000259_post_disaster.png,54733,0,518,0
nepal-flooding_00000260_post_disaster,dataset\xbd\tier3\images\nepal-flooding_00000260_post_disaster.png,dataset\xbd_masks\nepal-flooding_00000260_post_disaster.png,1711,4961,20228,548
nepal-flooding_00000261_post_disaster,dataset\xbd\tier3\images\nepal-flooding_00000261_post_disaster.png,dataset\xbd_masks\nepal-flooding_00000261_post_disaster.png,0,0,245,0
nepal-flooding_00000262_post_disaster,dataset\xbd\tier3\images\nepal-flooding_00000262_post_disaster.png,dataset\xbd_masks\nepal-flooding_00000262_post_disaster.png,0,0,529,0
nepal-flooding_00000263_post_disaster,dataset\xbd\tier3\images\nepal-flooding_00000263_post_disaster.png,dataset\xbd_masks\nepal-flooding_00000263_post_disaster.png,0,0,453,0
nepal-flooding_00000264_post_disaster,dataset\xbd\tier3\images\nepal-flooding_00000264_post_disaster.png,dataset\xbd_masks\nepal-flooding_00000264_post_disaster.png,0,507,0,0
nepal-flooding_00000265_post_disaster,dataset\xbd\tier3\images\nepal-flooding_00000265_post_disaster.png,dataset\xbd_masks\nepal-flooding_00000265_post_disaster.png,66542,1208,0,0
nepal-flooding_00000266_post_disaster,dataset\xbd\tier3\images\nepal-flooding_00000266_post_disaster.png,dataset\xbd_masks\nepal-flooding_00000266_post_disaster.png,82823,11028,3248,0
nepal-flooding_00000267_post_disaster,dataset\xbd\tier3\images\nepal-flooding_00000267_post_disaster.png,dataset\xbd_masks\nepal-flooding_00000267_post_disaster.png,83331,1319,0,0
nepal-flooding_00000268_post_disaster,dataset\xbd\tier3\images\nepal-flooding_00000268_post_disaster.png,dataset\xbd_masks\nepal-flooding_00000268_post_disaster.png,0,0,0,1330
nepal-flooding_00000269_post_disaster,dataset\xbd\tier3\images\nepal-flooding_00000269_post_disaster.png,dataset\xbd_masks\nepal-flooding_00000269_post_disaster.png,10560,550,0,0
nepal-flooding_00000270_post_disaster,dataset\xbd\tier3\images\nepal-flooding_00000270_post_disaster.png,dataset\xbd_masks\nepal-flooding_00000270_post_disaster.png,3442,3845,9460,1401
nepal-flooding_00000271_post_disaster,dataset\xbd\tier3\images\nepal-flooding_00000271_post_disaster.png,dataset\xbd_masks\nepal-flooding_00000271_post_disaster.png,0,0,1005,0
nepal-flooding_00000273_post_disaster,dataset\xbd\tier3\images\nepal-flooding_00000273_post_disaster.png,dataset\xbd_masks\nepal-flooding_00000273_post_disaster.png,1450,829,9319,0
nepal-flooding_00000274_post_disaster,dataset\xbd\tier3\images\nepal-flooding_00000274_post_disaster.png,dataset\xbd_masks\nepal-flooding_00000274_post_disaster.png,0,0,1097,0
nepal-flooding_00000275_post_disaster,dataset\xbd\tier3\images\nepal-flooding_00000275_post_disaster.png,dataset\xbd_masks\nepal-flooding_00000275_post_disaster.png,47573,868,0,0
nepal-flooding_00000276_post_disaster,dataset\xbd\tier3\images\nepal-flooding_00000276_post_disaster.png,dataset\xbd_masks\nepal-flooding_00000276_post_disaster.png,1092,0,29447,280
nepal-flooding_00000277_post_disaster,dataset\xbd\tier3\images\nepal-flooding_00000277_post_disaster.png,dataset\xbd_masks\nepal-flooding_00000277_post_disaster.png,41922,2069,0,0
nepal-flooding_00000278_post_disaster,dataset\xbd\tier3\images\nepal-flooding_00000278_post_disaster.png,dataset\xbd_masks\nepal-flooding_00000278_post_disaster.png,0,0,262,725
nepal-flooding_00000279_post_disaster,dataset\xbd\tier3\images\nepal-flooding_00000279_post_disaster.png,dataset\xbd_masks\nepal-flooding_00000279_post_disaster.png,5365,4219,0,370
nepal-flooding_00000280_post_disaster,dataset\xbd\tier3\images\nepal-flooding_00000280_post_disaster.png,dataset\xbd_masks\nepal-flooding_00000280_post_disaster.png,1052,0,0,0
nepal-flooding_00000281_post_disaster,dataset\xbd\tier3\images\nepal-flooding_00000281_post_disaster.png,dataset\xbd_masks\nepal-flooding_00000281_post_disaster.png,0,3715,3982,0
nepal-flooding_00000282_post_disaster,dataset\xbd\tier3\images\nepal-flooding_00000282_post_disaster.png,dataset\xbd_masks\nepal-flooding_00000282_post_disaster.png,25464,1220,0,0
nepal-flooding_00000283_post_disaster,dataset\xbd\tier3\images\nepal-flooding_00000283_post_disaster.png,dataset\xbd_masks\nepal-flooding_00000283_post_disaster.png,15254,1149,0,0
nepal-flooding_00000284_post_disaster,dataset\xbd\tier3\images\nepal-flooding_00000284_post_disaster.png,dataset\xbd_masks\nepal-flooding_00000284_post_disaster.png,38757,0,0,0
nepal-flooding_00000285_post_disaster,dataset\xbd\tier3\images\nepal-flooding_00000285_post_disaster.png,dataset\xbd_masks\nepal-flooding_00000285_post_disaster.png,29808,0,0,0
nepal-flooding_00000286_post_disaster,dataset\xbd\tier3\images\nepal-flooding_00000286_post_disaster.png,dataset\xbd_masks\nepal-flooding_00000286_post_disaster.png,16125,0,0,178
nepal-flooding_00000287_post_disaster,dataset\xbd\tier3\images\nepal-flooding_00000287_post_disaster.png,dataset\xbd_masks\nepal-flooding_00000287_post_disaster.png,24527,4882,0,0
nepal-flooding_00000288_post_disaster,dataset\xbd\tier3\images\nepal-flooding_00000288_post_disaster.png,dataset\xbd_masks\nepal-flooding_00000288_post_disaster.png,117714,1246,0,0
nepal-flooding_00000289_post_disaster,dataset\xbd\tier3\images\nepal-flooding_00000289_post_disaster.png,dataset\xbd_masks\nepal-flooding_00000289_post_disaster.png,31762,350,0,0
nepal-flooding_00000290_post_disaster,dataset\xbd\tier3\images\nepal-flooding_00000290_post_disaster.png,dataset\xbd_masks\nepal-flooding_00000290_post_disaster.png,0,0,285,0
nepal-flooding_00000292_post_disaster,dataset\xbd\tier3\images\nepal-flooding_00000292_post_disaster.png,dataset\xbd_masks\nepal-flooding_00000292_post_disaster.png,25133,7897,0,0
nepal-flooding_00000293_post_disaster,dataset\xbd\tier3\images\nepal-flooding_00000293_post_disaster.png,dataset\xbd_masks\nepal-flooding_00000293_post_disaster.png,0,0,3258,77
nepal-flooding_00000294_post_disaster,dataset\xbd\tier3\images\nepal-flooding_00000294_post_disaster.png,dataset\xbd_masks\nepal-flooding_00000294_post_disaster.png,0,750,0,0
nepal-flooding_00000295_post_disaster,dataset\xbd\tier3\images\nepal-flooding_00000295_post_disaster.png,dataset\xbd_masks\nepal-flooding_00000295_post_disaster.png,47440,34600,40054,0
nepal-flooding_00000296_post_disaster,dataset\xbd\tier3\images\nepal-flooding_00000296_post_disaster.png,dataset\xbd_masks\nepal-flooding_00000296_post_disaster.png,123,14172,4458,576
nepal-flooding_00000297_post_disaster,dataset\xbd\tier3\images\nepal-flooding_00000297_post_disaster.png,dataset\xbd_masks\nepal-flooding_00000297_post_disaster.png,318,0,688,0
nepal-flooding_00000298_post_disaster,dataset\xbd\tier3\images\nepal-flooding_00000298_post_disaster.png,dataset\xbd_masks\nepal-flooding_00000298_post_disaster.png,23149,6485,13086,0
nepal-flooding_00000299_post_disaster,dataset\xbd\tier3\images\nepal-flooding_00000299_post_disaster.png,dataset\xbd_masks\nepal-flooding_00000299_post_disaster.png,0,0,2991,469
nepal-flooding_00000300_post_disaster,dataset\xbd\tier3\images\nepal-flooding_00000300_post_disaster.png,dataset\xbd_masks\nepal-flooding_00000300_post_disaster.png,29587,74,0,0
nepal-flooding_00000301_post_disaster,dataset\xbd\tier3\images\nepal-flooding_00000301_post_disaster.png,dataset\xbd_masks\nepal-flooding_00000301_post_disaster.png,0,0,1382,0
nepal-flooding_00000302_post_disaster,dataset\xbd\tier3\images\nepal-flooding_00000302_post_disaster.png,dataset\xbd_masks\nepal-flooding_00000302_post_disaster.png,0,4511,664,0
nepal-flooding_00000303_post_disaster,dataset\xbd\tier3\images\nepal-flooding_00000303_post_disaster.png,dataset\xbd_masks\nepal-flooding_00000303_post_disaster.png,81097,14032,19860,990
nepal-flooding_00000304_post_disaster,dataset\xbd\tier3\images\nepal-flooding_00000304_post_disaster.png,dataset\xbd_masks\nepal-flooding_00000304_post_disaster.png,15343,16683,31514,0
nepal-flooding_00000305_post_disaster,dataset\xbd\tier3\images\nepal-flooding_00000305_post_disaster.png,dataset\xbd_masks\nepal-flooding_00000305_post_disaster.png,0,0,1017,0
nepal-flooding_00000306_post_disaster,dataset\xbd\tier3\images\nepal-flooding_00000306_post_disaster.png,dataset\xbd_masks\nepal-flooding_00000306_post_disaster.png,32,0,7315,288
nepal-flooding_00000307_post_disaster,dataset\xbd\tier3\images\nepal-flooding_00000307_post_disaster.png,dataset\xbd_masks\nepal-flooding_00000307_post_disaster.png,9452,30692,10463,0
nepal-flooding_00000308_post_disaster,dataset\xbd\tier3\images\nepal-flooding_00000308_post_disaster.png,dataset\xbd_masks\nepal-flooding_00000308_post_disaster.png,0,0,112548,2107
nepal-flooding_00000309_post_disaster,dataset\xbd\tier3\images\nepal-flooding_00000309_post_disaster.png,dataset\xbd_masks\nepal-flooding_00000309_post_disaster.png,0,0,927,0
nepal-flooding_00000310_post_disaster,dataset\xbd\tier3\images\nepal-flooding_00000310_post_disaster.png,dataset\xbd_masks\nepal-flooding_00000310_post_disaster.png,3713,8261,17614,448
nepal-flooding_00000311_post_disaster,dataset\xbd\tier3\images\nepal-flooding_00000311_post_disaster.png,dataset\xbd_masks\nepal-flooding_00000311_post_disaster.png,15063,4321,6054,0
nepal-flooding_00000312_post_disaster,dataset\xbd\tier3\images\nepal-flooding_00000312_post_disaster.png,dataset\xbd_masks\nepal-flooding_00000312_post_disaster.png,8728,4497,0,0
nepal-flooding_00000313_post_disaster,dataset\xbd\tier3\images\nepal-flooding_00000313_post_disaster.png,dataset\xbd_masks\nepal-flooding_00000313_post_disaster.png,37450,16493,36710,1786
nepal-flooding_00000314_post_disaster,dataset\xbd\tier3\images\nepal-flooding_00000314_post_disaster.png,dataset\xbd_masks\nepal-flooding_00000314_post_disaster.png,0,0,8934,179
nepal-flooding_00000315_post_disaster,dataset\xbd\tier3\images\nepal-flooding_00000315_post_disaster.png,dataset\xbd_masks\nepal-flooding_00000315_post_disaster.png,0,0,17194,47
nepal-flooding_00000316_post_disaster,dataset\xbd\tier3\images\nepal-flooding_00000316_post_disaster.png,dataset\xbd_masks\nepal-flooding_00000316_post_disaster.png,9567,1071,1082,0
nepal-flooding_00000317_post_disaster,dataset\xbd\tier3\images\nepal-flooding_00000317_post_disaster.png,dataset\xbd_masks\nepal-flooding_00000317_post_disaster.png,15378,4034,4685,0
nepal-flooding_00000318_post_disaster,dataset\xbd\tier3\images\nepal-flooding_00000318_post_disaster.png,dataset\xbd_masks\nepal-flooding_00000318_post_disaster.png,299,0,18092,0
nepal-flooding_00000319_post_disaster,dataset\xbd\tier3\images\nepal-flooding_00000319_post_disaster.png,dataset\xbd_masks\nepal-flooding_00000319_post_disaster.png,0,0,3179,0
nepal-flooding_00000321_post_disaster,dataset\xbd\tier3\images\nepal-flooding_00000321_post_disaster.png,dataset\xbd_masks\nepal-flooding_00000321_post_disaster.png,0,1936,10402,793
nepal-flooding_00000323_post_disaster,dataset\xbd\tier3\images\nepal-flooding_00000323_post_disaster.png,dataset\xbd_masks\nepal-flooding_00000323_post_disaster.png,32832,11305,10511,0
nepal-flooding_00000324_post_disaster,dataset\xbd\tier3\images\nepal-flooding_00000324_post_disaster.png,dataset\xbd_masks\nepal-flooding_00000324_post_disaster.png,20148,10981,14016,919
nepal-flooding_00000325_post_disaster,dataset\xbd\tier3\images\nepal-flooding_00000325_post_disaster.png,dataset\xbd_masks\nepal-flooding_00000325_post_disaster.png,9334,16166,21724,0
nepal-flooding_00000326_post_disaster,dataset\xbd\tier3\images\nepal-flooding_00000326_post_disaster.png,dataset\xbd_masks\nepal-flooding_00000326_post_disaster.png,0,0,2580,0
nepal-flooding_00000327_post_disaster,dataset\xbd\tier3\images\nepal-flooding_00000327_post_disaster.png,dataset\xbd_masks\nepal-flooding_00000327_post_disaster.png,54,1949,1589,0
nepal-flooding_00000328_post_disaster,dataset\xbd\tier3\images\nepal-flooding_00000328_post_disaster.png,dataset\xbd_masks\nepal-flooding_00000328_post_disaster.png,0,0,520,0
nepal-flooding_00000329_post_disaster,dataset\xbd\tier3\images\nepal-flooding_00000329_post_disaster.png,dataset\xbd_masks\nepal-flooding_00000329_post_disaster.png,0,0,79,0
nepal-flooding_00000330_post_disaster,dataset\xbd\tier3\images\nepal-flooding_00000330_post_disaster.png,dataset\xbd_masks\nepal-flooding_00000330_post_disaster.png,0,0,6314,0
nepal-flooding_00000331_post_disaster,dataset\xbd\tier3\images\nepal-flooding_00000331_post_disaster.png,dataset\xbd_masks\nepal-flooding_00000331_post_disaster.png,45372,14864,17475,613
nepal-flooding_00000332_post_disaster,dataset\xbd\tier3\images\nepal-flooding_00000332_post_disaster.png,dataset\xbd_masks\nepal-flooding_00000332_post_disaster.png,89705,953,0,0
nepal-flooding_00000333_post_disaster,dataset\xbd\tier3\images\nepal-flooding_00000333_post_disaster.png,dataset\xbd_masks\nepal-flooding_00000333_post_disaster.png,14002,20592,33856,1997
nepal-flooding_00000334_post_disaster,dataset\xbd\tier3\images\nepal-flooding_00000334_post_disaster.png,dataset\xbd_masks\nepal-flooding_00000334_post_disaster.png,0,0,344,0
nepal-flooding_00000335_post_disaster,dataset\xbd\tier3\images\nepal-flooding_00000335_post_disaster.png,dataset\xbd_masks\nepal-flooding_00000335_post_disaster.png,290,1633,3020,0
nepal-flooding_00000336_post_disaster,dataset\xbd\tier3\images\nepal-flooding_00000336_post_disaster.png,dataset\xbd_masks\nepal-flooding_00000336_post_disaster.png,10630,2294,2832,182
nepal-flooding_00000337_post_disaster,dataset\xbd\tier3\images\nepal-flooding_00000337_post_disaster.png,dataset\xbd_masks\nepal-flooding_00000337_post_disaster.png,6178,11932,32009,320
nepal-flooding_00000338_post_disaster,dataset\xbd\tier3\images\nepal-flooding_00000338_post_disaster.png,dataset\xbd_masks\nepal-flooding_00000338_post_disaster.png,20893,11534,29661,0
nepal-flooding_00000339_post_disaster,dataset\xbd\tier3\images\nepal-flooding_00000339_post_disaster.png,dataset\xbd_masks\nepal-flooding_00000339_post_disaster.png,1657,2787,4545,181
nepal-flooding_00000340_post_disaster,dataset\xbd\tier3\images\nepal-flooding_00000340_post_disaster.png,dataset\xbd_masks\nepal-flooding_00000340_post_disaster.png,10718,8171,14955,0
nepal-flooding_00000341_post_disaster,dataset\xbd\tier3\images\nepal-flooding_00000341_post_disaster.png,dataset\xbd_masks\nepal-flooding_00000341_post_disaster.png,3620,24024,18773,0
nepal-flooding_00000342_post_disaster,dataset\xbd\tier3\images\nepal-flooding_00000342_post_disaster.png,dataset\xbd_masks\nepal-flooding_00000342_post_disaster.png,26284,7235,6708,167
nepal-flooding_00000343_post_disaster,dataset\xbd\tier3\images\nepal-flooding_00000343_post_disaster.png,dataset\xbd_masks\nepal-flooding_00000343_post_disaster.png,481,0,1768,0
nepal-flooding_00000344_post_disaster,dataset\xbd\tier3\images\nepal-flooding_00000344_post_disaster.png,dataset\xbd_masks\nepal-flooding_00000344_post_disaster.png,18124,24201,44538,0
nepal-flooding_00000345_post_disaster,dataset\xbd\tier3\images\nepal-flooding_00000345_post_disaster.png,dataset\xbd_masks\nepal-flooding_00000345_post_disaster.png,0,0,1158,159
nepal-flooding_00000346_post_disaster,dataset\xbd\tier3\images\nepal-flooding_00000346_post_disaster.png,dataset\xbd_masks\nepal-flooding_00000346_post_disaster.png,0,67,0,0
nepal-flooding_00000347_post_disaster,dataset\xbd\tier3\images\nepal-flooding_00000347_post_disaster.png,dataset\xbd_masks\nepal-flooding_00000347_post_disaster.png,90550,26674,13590,0
nepal-flooding_00000348_post_disaster,dataset\xbd\tier3\images\nepal-flooding_00000348_post_disaster.png,dataset\xbd_masks\nepal-flooding_00000348_post_disaster.png,0,0,1176,138
nepal-flooding_00000349_post_disaster,dataset\xbd\tier3\images\nepal-flooding_00000349_post_disaster.png,dataset\xbd_masks\nepal-flooding_00000349_post_disaster.png,0,0,350,122
nepal-flooding_00000350_post_disaster,dataset\xbd\tier3\images\nepal-flooding_00000350_post_disaster.png,dataset\xbd_masks\nepal-flooding_00000350_post_disaster.png,35,0,0,0
nepal-flooding_00000351_post_disaster,dataset\xbd\tier3\images\nepal-flooding_00000351_post_disaster.png,dataset\xbd_masks\nepal-flooding_00000351_post_disaster.png,8161,469,22876,869
nepal-flooding_00000352_post_disaster,dataset\xbd\tier3\images\nepal-flooding_00000352_post_disaster.png,dataset\xbd_masks\nepal-flooding_00000352_post_disaster.png,0,0,1600,0
nepal-flooding_00000353_post_disaster,dataset\xbd\tier3\images\nepal-flooding_00000353_post_disaster.png,dataset\xbd_masks\nepal-flooding_00000353_post_disaster.png,0,0,4922,129
nepal-flooding_00000354_post_disaster,dataset\xbd\tier3\images\nepal-flooding_00000354_post_disaster.png,dataset\xbd_masks\nepal-flooding_00000354_post_disaster.png,33919,0,0,0
nepal-flooding_00000355_post_disaster,dataset\xbd\tier3\images\nepal-flooding_00000355_post_disaster.png,dataset\xbd_masks\nepal-flooding_00000355_post_disaster.png,470,0,12933,186
nepal-flooding_00000356_post_disaster,dataset\xbd\tier3\images\nepal-flooding_00000356_post_disaster.png,dataset\xbd_masks\nepal-flooding_00000356_post_disaster.png,18898,4251,626,0
nepal-flooding_00000357_post_disaster,dataset\xbd\tier3\images\nepal-flooding_00000357_post_disaster.png,dataset\xbd_masks\nepal-flooding_00000357_post_disaster.png,0,0,981,0
nepal-flooding_00000358_post_disaster,dataset\xbd\tier3\images\nepal-flooding_00000358_post_disaster.png,dataset\xbd_masks\nepal-flooding_00000358_post_disaster.png,203,0,4426,0
nepal-flooding_00000359_post_disaster,dataset\xbd\tier3\images\nepal-flooding_00000359_post_disaster.png,dataset\xbd_masks\nepal-flooding_00000359_post_disaster.png,45650,2240,1825,0
nepal-flooding_00000360_post_disaster,dataset\xbd\tier3\images\nepal-flooding_00000360_post_disaster.png,dataset\xbd_masks\nepal-flooding_00000360_post_disaster.png,0,0,8173,0
nepal-flooding_00000361_post_disaster,dataset\xbd\tier3\images\nepal-flooding_00000361_post_disaster.png,dataset\xbd_masks\nepal-flooding_00000361_post_disaster.png,10051,0,0,0
nepal-flooding_00000362_post_disaster,dataset\xbd\tier3\images\nepal-flooding_00000362_post_disaster.png,dataset\xbd_masks\nepal-flooding_00000362_post_disaster.png,4296,4170,2302,94
nepal-flooding_00000364_post_disaster,dataset\xbd\tier3\images\nepal-flooding_00000364_post_disaster.png,dataset\xbd_masks\nepal-flooding_00000364_post_disaster.png,64541,0,0,0
nepal-flooding_00000365_post_disaster,dataset\xbd\tier3\images\nepal-flooding_00000365_post_disaster.png,dataset\xbd_masks\nepal-flooding_00000365_post_disaster.png,0,0,3883,201
nepal-flooding_00000366_post_disaster,dataset\xbd\tier3\images\nepal-flooding_00000366_post_disaster.png,dataset\xbd_masks\nepal-flooding_00000366_post_disaster.png,36394,0,0,0
nepal-flooding_00000367_post_disaster,dataset\xbd\tier3\images\nepal-flooding_00000367_post_disaster.png,dataset\xbd_masks\nepal-flooding_00000367_post_disaster.png,52849,0,669,0
nepal-flooding_00000368_post_disaster,dataset\xbd\tier3\images\nepal-flooding_00000368_post_disaster.png,dataset\xbd_masks\nepal-flooding_00000368_post_disaster.png,197,2894,31941,1081
nepal-flooding_00000369_post_disaster,dataset\xbd\tier3\images\nepal-flooding_00000369_post_disaster.png,dataset\xbd_masks\nepal-flooding_00000369_post_disaster.png,8026,2228,306,0
nepal-flooding_00000370_post_disaster,dataset\xbd\tier3\images\nepal-flooding_00000370_post_disaster.png,dataset\xbd_masks\nepal-flooding_00000370_post_disaster.png,5171,12191,763,1189
nepal-flooding_00000371_post_disaster,dataset\xbd\tier3\images\nepal-flooding_00000371_post_disaster.png,dataset\xbd_masks\nepal-flooding_00000371_post_disaster.png,67011,0,0,0
nepal-flooding_00000372_post_disaster,dataset\xbd\tier3\images\nepal-flooding_00000372_post_disaster.png,dataset\xbd_masks\nepal-flooding_00000372_post_disaster.png,1551,537,845,540
nepal-flooding_00000373_post_disaster,dataset\xbd\tier3\images\nepal-flooding_00000373_post_disaster.png,dataset\xbd_masks\nepal-flooding_00000373_post_disaster.png,29509,14219,4328,1331
nepal-flooding_00000374_post_disaster,dataset\xbd\tier3\images\nepal-flooding_00000374_post_disaster.png,dataset\xbd_masks\nepal-flooding_00000374_post_disaster.png,111877,14457,4892,42
nepal-flooding_00000375_post_disaster,dataset\xbd\tier3\images\nepal-flooding_00000375_post_disaster.png,dataset\xbd_masks\nepal-flooding_00000375_post_disaster.png,0,699,0,0
nepal-flooding_00000376_post_disaster,dataset\xbd\tier3\images\nepal-flooding_00000376_post_disaster.png,dataset\xbd_masks\nepal-flooding_00000376_post_disaster.png,18077,581,679,0
nepal-flooding_00000377_post_disaster,dataset\xbd\tier3\images\nepal-flooding_00000377_post_disaster.png,dataset\xbd_masks\nepal-flooding_00000377_post_disaster.png,108196,11297,160,0
nepal-flooding_00000378_post_disaster,dataset\xbd\tier3\images\nepal-flooding_00000378_post_disaster.png,dataset\xbd_masks\nepal-flooding_00000378_post_disaster.png,35457,0,2868,0
nepal-flooding_00000380_post_disaster,dataset\xbd\tier3\images\nepal-flooding_00000380_post_disaster.png,dataset\xbd_masks\nepal-flooding_00000380_post_disaster.png,10836,2912,1072,217
nepal-flooding_00000381_post_disaster,dataset\xbd\tier3\images\nepal-flooding_00000381_post_disaster.png,dataset\xbd_masks\nepal-flooding_00000381_post_disaster.png,134050,15714,1152,0
nepal-flooding_00000382_post_disaster,dataset\xbd\tier3\images\nepal-flooding_00000382_post_disaster.png,dataset\xbd_masks\nepal-flooding_00000382_post_disaster.png,65208,6524,0,0
nepal-flooding_00000383_post_disaster,dataset\xbd\tier3\images\nepal-flooding_00000383_post_disaster.png,dataset\xbd_masks\nepal-flooding_00000383_post_disaster.png,69159,24026,0,0
nepal-flooding_00000384_post_disaster,dataset\xbd\tier3\images\nepal-flooding_00000384_post_disaster.png,dataset\xbd_masks\nepal-flooding_00000384_post_disaster.png,0,2965,0,0
nepal-flooding_00000385_post_disaster,dataset\xbd\tier3\images\nepal-flooding_00000385_post_disaster.png,dataset\xbd_masks\nepal-flooding_00000385_post_disaster.png,64766,153,0,0
nepal-flooding_00000386_post_disaster,dataset\xbd\tier3\images\nepal-flooding_00000386_post_disaster.png,dataset\xbd_masks\nepal-flooding_00000386_post_disaster.png,54894,24764,4835,0
nepal-flooding_00000387_post_disaster,dataset\xbd\tier3\images\nepal-flooding_00000387_post_disaster.png,dataset\xbd_masks\nepal-flooding_00000387_post_disaster.png,8991,9133,13582,78
nepal-flooding_00000388_post_disaster,dataset\xbd\tier3\images\nepal-flooding_00000388_post_disaster.png,dataset\xbd_masks\nepal-flooding_00000388_post_disaster.png,65128,835,0,0
nepal-flooding_00000389_post_disaster,dataset\xbd\tier3\images\nepal-flooding_00000389_post_disaster.png,dataset\xbd_masks\nepal-flooding_00000389_post_disaster.png,0,0,1040,0
nepal-flooding_00000390_post_disaster,dataset\xbd\tier3\images\nepal-flooding_00000390_post_disaster.png,dataset\xbd_masks\nepal-flooding_00000390_post_disaster.png,40915,3808,2982,0
nepal-flooding_00000391_post_disaster,dataset\xbd\tier3\images\nepal-flooding_00000391_post_disaster.png,dataset\xbd_masks\nepal-flooding_00000391_post_disaster.png,311,989,278,3727
nepal-flooding_00000392_post_disaster,dataset\xbd\tier3\images\nepal-flooding_00000392_post_disaster.png,dataset\xbd_masks\nepal-flooding_00000392_post_disaster.png,67597,0,0,0
nepal-flooding_00000393_post_disaster,dataset\xbd\tier3\images\nepal-flooding_00000393_post_disaster.png,dataset\xbd_masks\nepal-flooding_00000393_post_disaster.png,3924,4408,2158,375
nepal-flooding_00000394_post_disaster,dataset\xbd\tier3\images\nepal-flooding_00000394_post_disaster.png,dataset\xbd_masks\nepal-flooding_00000394_post_disaster.png,0,0,5602,0
nepal-flooding_00000395_post_disaster,dataset\xbd\tier3\images\nepal-flooding_00000395_post_disaster.png,dataset\xbd_masks\nepal-flooding_00000395_post_disaster.png,0,0,5266,0
nepal-flooding_00000396_post_disaster,dataset\xbd\tier3\images\nepal-flooding_00000396_post_disaster.png,dataset\xbd_masks\nepal-flooding_00000396_post_disaster.png,85,0,1360,0
nepal-flooding_00000397_post_disaster,dataset\xbd\tier3\images\nepal-flooding_00000397_post_disaster.png,dataset\xbd_masks\nepal-flooding_00000397_post_disaster.png,0,0,4303,904
nepal-flooding_00000398_post_disaster,dataset\xbd\tier3\images\nepal-flooding_00000398_post_disaster.png,dataset\xbd_masks\nepal-flooding_00000398_post_disaster.png,35171,8307,3048,252
nepal-flooding_00000400_post_disaster,dataset\xbd\tier3\images\nepal-flooding_00000400_post_disaster.png,dataset\xbd_masks\nepal-flooding_00000400_post_disaster.png,86269,3432,284,0
nepal-flooding_00000401_post_disaster,dataset\xbd\tier3\images\nepal-flooding_00000401_post_disaster.png,dataset\xbd_masks\nepal-flooding_00000401_post_disaster.png,26288,877,0,578
nepal-flooding_00000402_post_disaster,dataset\xbd\tier3\images\nepal-flooding_00000402_post_disaster.png,dataset\xbd_masks\nepal-flooding_00000402_post_disaster.png,16488,3095,0,0
nepal-flooding_00000403_post_disaster,dataset\xbd\tier3\images\nepal-flooding_00000403_post_disaster.png,dataset\xbd_masks\nepal-flooding_00000403_post_disaster.png,20812,13380,6798,0
nepal-flooding_00000404_post_disaster,dataset\xbd\tier3\images\nepal-flooding_00000404_post_disaster.png,dataset\xbd_masks\nepal-flooding_00000404_post_disaster.png,5630,3036,2524,387
nepal-flooding_00000405_post_disaster,dataset\xbd\tier3\images\nepal-flooding_00000405_post_disaster.png,dataset\xbd_masks\nepal-flooding_00000405_post_disaster.png,0,0,0,313
nepal-flooding_00000406_post_disaster,dataset\xbd\tier3\images\nepal-flooding_00000406_post_disaster.png,dataset\xbd_masks\nepal-flooding_00000406_post_disaster.png,0,179,0,118
nepal-flooding_00000407_post_disaster,dataset\xbd\tier3\images\nepal-flooding_00000407_post_disaster.png,dataset\xbd_masks\nepal-flooding_00000407_post_disaster.png,111812,513,689,0
nepal-flooding_00000408_post_disaster,dataset\xbd\tier3\images\nepal-flooding_00000408_post_disaster.png,dataset\xbd_masks\nepal-flooding_00000408_post_disaster.png,2717,8722,63850,0
nepal-flooding_00000409_post_disaster,dataset\xbd\tier3\images\nepal-flooding_00000409_post_disaster.png,dataset\xbd_masks\nepal-flooding_00000409_post_disaster.png,0,0,2003,0
nepal-flooding_00000410_post_disaster,dataset\xbd\tier3\images\nepal-flooding_00000410_post_disaster.png,dataset\xbd_masks\nepal-flooding_00000410_post_disaster.png,172114,5492,0,0
nepal-flooding_00000411_post_disaster,dataset\xbd\tier3\images\nepal-flooding_00000411_post_disaster.png,dataset\xbd_masks\nepal-flooding_00000411_post_disaster.png,59014,875,0,0
nepal-flooding_00000412_post_disaster,dataset\xbd\tier3\images\nepal-flooding_00000412_post_disaster.png,dataset\xbd_masks\nepal-flooding_00000412_post_disaster.png,203446,2705,0,0
nepal-flooding_00000413_post_disaster,dataset\xbd\tier3\images\nepal-flooding_00000413_post_disaster.png,dataset\xbd_masks\nepal-flooding_00000413_post_disaster.png,12979,9836,6441,0
nepal-flooding_00000414_post_disaster,dataset\xbd\tier3\images\nepal-flooding_00000414_post_disaster.png,dataset\xbd_masks\nepal-flooding_00000414_post_disaster.png,106191,0,0,0
nepal-flooding_00000415_post_disaster,dataset\xbd\tier3\images\nepal-flooding_00000415_post_disaster.png,dataset\xbd_masks\nepal-flooding_00000415_post_disaster.png,0,0,2778,0
nepal-flooding_00000416_post_disaster,dataset\xbd\tier3\images\nepal-flooding_00000416_post_disaster.png,dataset\xbd_masks\nepal-flooding_00000416_post_disaster.png,31821,8428,7970,0
nepal-flooding_00000417_post_disaster,dataset\xbd\tier3\images\nepal-flooding_00000417_post_disaster.png,dataset\xbd_masks\nepal-flooding_00000417_post_disaster.png,0,0,140,0
nepal-flooding_00000418_post_disaster,dataset\xbd\tier3\images\nepal-flooding_00000418_post_disaster.png,dataset\xbd_masks\nepal-flooding_00000418_post_disaster.png,222776,15908,0,0
nepal-flooding_00000419_post_disaster,dataset\xbd\tier3\images\nepal-flooding_00000419_post_disaster.png,dataset\xbd_masks\nepal-flooding_00000419_post_disaster.png,0,0,820,0
nepal-flooding_00000421_post_disaster,dataset\xbd\tier3\images\nepal-flooding_00000421_post_disaster.png,dataset\xbd_masks\nepal-flooding_00000421_post_disaster.png,0,89067,14401,311
nepal-flooding_00000422_post_disaster,dataset\xbd\tier3\images\nepal-flooding_00000422_post_disaster.png,dataset\xbd_masks\nepal-flooding_00000422_post_disaster.png,0,0,6330,348
nepal-flooding_00000423_post_disaster,dataset\xbd\tier3\images\nepal-flooding_00000423_post_disaster.png,dataset\xbd_masks\nepal-flooding_00000423_post_disaster.png,499,0,6865,596
nepal-flooding_00000424_post_disaster,dataset\xbd\tier3\images\nepal-flooding_00000424_post_disaster.png,dataset\xbd_masks\nepal-flooding_00000424_post_disaster.png,27457,0,0,0
nepal-flooding_00000425_post_disaster,dataset\xbd\tier3\images\nepal-flooding_00000425_post_disaster.png,dataset\xbd_masks\nepal-flooding_00000425_post_disaster.png,40258,6565,7706,0
nepal-flooding_00000426_post_disaster,dataset\xbd\tier3\images\nepal-flooding_00000426_post_disaster.png,dataset\xbd_masks\nepal-flooding_00000426_post_disaster.png,0,0,22061,0
nepal-flooding_00000427_post_disaster,dataset\xbd\tier3\images\nepal-flooding_00000427_post_disaster.png,dataset\xbd_masks\nepal-flooding_00000427_post_disaster.png,68350,49131,2159,549
nepal-flooding_00000428_post_disaster,dataset\xbd\tier3\images\nepal-flooding_00000428_post_disaster.png,dataset\xbd_masks\nepal-flooding_00000428_post_disaster.png,6301,0,1097,711
nepal-flooding_00000429_post_disaster,dataset\xbd\tier3\images\nepal-flooding_00000429_post_disaster.png,dataset\xbd_masks\nepal-flooding_00000429_post_disaster.png,1423,0,47221,500
nepal-flooding_00000431_post_disaster,dataset\xbd\tier3\images\nepal-flooding_00000431_post_disaster.png,dataset\xbd_masks\nepal-flooding_00000431_post_disaster.png,17911,8392,3502,168
nepal-flooding_00000433_post_disaster,dataset\xbd\tier3\images\nepal-flooding_00000433_post_disaster.png,dataset\xbd_masks\nepal-flooding_00000433_post_disaster.png,123823,0,0,0
nepal-flooding_00000434_post_disaster,dataset\xbd\tier3\images\nepal-flooding_00000434_post_disaster.png,dataset\xbd_masks\nepal-flooding_00000434_post_disaster.png,24589,4140,0,163
nepal-flooding_00000436_post_disaster,dataset\xbd\tier3\images\nepal-flooding_00000436_post_disaster.png,dataset\xbd_masks\nepal-flooding_00000436_post_disaster.png,38397,19629,24129,241
nepal-flooding_00000437_post_disaster,dataset\xbd\tier3\images\nepal-flooding_00000437_post_disaster.png,dataset\xbd_masks\nepal-flooding_00000437_post_disaster.png,9204,6442,517,83
nepal-flooding_00000438_post_disaster,dataset\xbd\tier3\images\nepal-flooding_00000438_post_disaster.png,dataset\xbd_masks\nepal-flooding_00000438_post_disaster.png,93916,468,0,0
nepal-flooding_00000439_post_disaster,dataset\xbd\tier3\images\nepal-flooding_00000439_post_disaster.png,dataset\xbd_masks\nepal-flooding_00000439_post_disaster.png,3934,966,16687,257
nepal-flooding_00000440_post_disaster,dataset\xbd\tier3\images\nepal-flooding_00000440_post_disaster.png,dataset\xbd_masks\nepal-flooding_00000440_post_disaster.png,0,0,0,102
nepal-flooding_00000441_post_disaster,dataset\xbd\tier3\images\nepal-flooding_00000441_post_disaster.png,dataset\xbd_masks\nepal-flooding_00000441_post_disaster.png,16737,0,163,0
nepal-flooding_00000442_post_disaster,dataset\xbd\tier3\images\nepal-flooding_00000442_post_disaster.png,dataset\xbd_masks\nepal-flooding_00000442_post_disaster.png,0,0,299,3499
nepal-flooding_00000443_post_disaster,dataset\xbd\tier3\images\nepal-flooding_00000443_post_disaster.png,dataset\xbd_masks\nepal-flooding_00000443_post_disaster.png,26463,9671,14339,550
nepal-flooding_00000444_post_disaster,dataset\xbd\tier3\images\nepal-flooding_00000444_post_disaster.png,dataset\xbd_masks\nepal-flooding_00000444_post_disaster.png,0,0,1425,0
nepal-flooding_00000445_post_disaster,dataset\xbd\tier3\images\nepal-flooding_00000445_post_disaster.png,dataset\xbd_masks\nepal-flooding_00000445_post_disaster.png,1111,3626,1626,0
nepal-flooding_00000446_post_disaster,dataset\xbd\tier3\images\nepal-flooding_00000446_post_disaster.png,dataset\xbd_masks\nepal-flooding_00000446_post_disaster.png,0,0,370,0
nepal-flooding_00000447_post_disaster,dataset\xbd\tier3\images\nepal-flooding_00000447_post_disaster.png,dataset\xbd_masks\nepal-flooding_00000447_post_disaster.png,17012,2567,0,0
nepal-flooding_00000448_post_disaster,dataset\xbd\tier3\images\nepal-flooding_00000448_post_disaster.png,dataset\xbd_masks\nepal-flooding_00000448_post_disaster.png,67148,3549,213,0
nepal-flooding_00000449_post_disaster,dataset\xbd\tier3\images\nepal-flooding_00000449_post_disaster.png,dataset\xbd_masks\nepal-flooding_00000449_post_disaster.png,105,1352,0,0
nepal-flooding_00000450_post_disaster,dataset\xbd\tier3\images\nepal-flooding_00000450_post_disaster.png,dataset\xbd_masks\nepal-flooding_00000450_post_disaster.png,0,0,1037,0
nepal-flooding_00000451_post_disaster,dataset\xbd\tier3\images\nepal-flooding_00000451_post_disaster.png,dataset\xbd_masks\nepal-flooding_00000451_post_disaster.png,100492,1905,185,0
nepal-flooding_00000452_post_disaster,dataset\xbd\tier3\images\nepal-flooding_00000452_post_disaster.png,dataset\xbd_masks\nepal-flooding_00000452_post_disaster.png,57226,131,0,0
nepal-flooding_00000453_post_disaster,dataset\xbd\tier3\images\nepal-flooding_00000453_post_disaster.png,dataset\xbd_masks\nepal-flooding_00000453_post_disaster.png,1683,0,5171,191
nepal-flooding_00000454_post_disaster,dataset\xbd\tier3\images\nepal-flooding_00000454_post_disaster.png,dataset\xbd_masks\nepal-flooding_00000454_post_disaster.png,0,0,294,0
nepal-flooding_00000455_post_disaster,dataset\xbd\tier3\images\nepal-flooding_00000455_post_disaster.png,dataset\xbd_masks\nepal-flooding_00000455_post_disaster.png,93081,2383,0,0
nepal-flooding_00000456_post_disaster,dataset\xbd\tier3\images\nepal-flooding_00000456_post_disaster.png,dataset\xbd_masks\nepal-flooding_00000456_post_disaster.png,14777,5996,3036,321
nepal-flooding_00000457_post_disaster,dataset\xbd\tier3\images\nepal-flooding_00000457_post_disaster.png,dataset\xbd_masks\nepal-flooding_00000457_post_disaster.png,95712,0,0,0
nepal-flooding_00000458_post_disaster,dataset\xbd\tier3\images\nepal-flooding_00000458_post_disaster.png,dataset\xbd_masks\nepal-flooding_00000458_post_disaster.png,0,0,910,76
nepal-flooding_00000460_post_disaster,dataset\xbd\tier3\images\nepal-flooding_00000460_post_disaster.png,dataset\xbd_masks\nepal-flooding_00000460_post_disaster.png,79133,1896,0,73
nepal-flooding_00000462_post_disaster,dataset\xbd\tier3\images\nepal-flooding_00000462_post_disaster.png,dataset\xbd_masks\nepal-flooding_00000462_post_disaster.png,0,0,5116,93
nepal-flooding_00000463_post_disaster,dataset\xbd\tier3\images\nepal-flooding_00000463_post_disaster.png,dataset\xbd_masks\nepal-flooding_00000463_post_disaster.png,18603,4111,0,320
nepal-flooding_00000464_post_disaster,dataset\xbd\tier3\images\nepal-flooding_00000464_post_disaster.png,dataset\xbd_masks\nepal-flooding_00000464_post_disaster.png,1006,0,0,0
nepal-flooding_00000465_post_disaster,dataset\xbd\tier3\images\nepal-flooding_00000465_post_disaster.png,dataset\xbd_masks\nepal-flooding_00000465_post_disaster.png,105227,30887,9270,0
nepal-flooding_00000466_post_disaster,dataset\xbd\tier3\images\nepal-flooding_00000466_post_disaster.png,dataset\xbd_masks\nepal-flooding_00000466_post_disaster.png,88579,2119,0,0
nepal-flooding_00000467_post_disaster,dataset\xbd\tier3\images\nepal-flooding_00000467_post_disaster.png,dataset\xbd_masks\nepal-flooding_00000467_post_disaster.png,53306,18351,10833,184
nepal-flooding_00000468_post_disaster,dataset\xbd\tier3\images\nepal-flooding_00000468_post_disaster.png,dataset\xbd_masks\nepal-flooding_00000468_post_disaster.png,42,0,626,0
nepal-flooding_00000469_post_disaster,dataset\xbd\tier3\images\nepal-flooding_00000469_post_disaster.png,dataset\xbd_masks\nepal-flooding_00000469_post_disaster.png,3551,0,0,0
nepal-flooding_00000470_post_disaster,dataset\xbd\tier3\images\nepal-flooding_00000470_post_disaster.png,dataset\xbd_masks\nepal-flooding_00000470_post_disaster.png,89160,8884,0,0
nepal-flooding_00000471_post_disaster,dataset\xbd\tier3\images\nepal-flooding_00000471_post_disaster.png,dataset\xbd_masks\nepal-flooding_00000471_post_disaster.png,53146,741,0,0
nepal-flooding_00000472_post_disaster,dataset\xbd\tier3\images\nepal-flooding_00000472_post_disaster.png,dataset\xbd_masks\nepal-flooding_00000472_post_disaster.png,1704,0,2975,131
nepal-flooding_00000473_post_disaster,dataset\xbd\tier3\images\nepal-flooding_00000473_post_disaster.png,dataset\xbd_masks\nepal-flooding_00000473_post_disaster.png,14323,2587,7395,0
nepal-flooding_00000474_post_disaster,dataset\xbd\tier3\images\nepal-flooding_00000474_post_disaster.png,dataset\xbd_masks\nepal-flooding_00000474_post_disaster.png,76457,1782,0,0
nepal-flooding_00000475_post_disaster,dataset\xbd\tier3\images\nepal-flooding_00000475_post_disaster.png,dataset\xbd_masks\nepal-flooding_00000475_post_disaster.png,19703,0,0,1653
nepal-flooding_00000476_post_disaster,dataset\xbd\tier3\images\nepal-flooding_00000476_post_disaster.png,dataset\xbd_masks\nepal-flooding_00000476_post_disaster.png,76369,38398,3209,0
nepal-flooding_00000477_post_disaster,dataset\xbd\tier3\images\nepal-flooding_00000477_post_disaster.png,dataset\xbd_masks\nepal-flooding_00000477_post_disaster.png,421,0,6019,366
nepal-flooding_00000478_post_disaster,dataset\xbd\tier3\images\nepal-flooding_00000478_post_disaster.png,dataset\xbd_masks\nepal-flooding_00000478_post_disaster.png,27028,0,0,0
nepal-flooding_00000479_post_disaster,dataset\xbd\tier3\images\nepal-flooding_00000479_post_disaster.png,dataset\xbd_masks\nepal-flooding_00000479_post_disaster.png,145910,0,0,0
nepal-flooding_00000480_post_disaster,dataset\xbd\tier3\images\nepal-flooding_00000480_post_disaster.png,dataset\xbd_masks\nepal-flooding_00000480_post_disaster.png,139435,18418,8587,0
nepal-flooding_00000481_post_disaster,dataset\xbd\tier3\images\nepal-flooding_00000481_post_disaster.png,dataset\xbd_masks\nepal-flooding_00000481_post_disaster.png,8662,1110,0,0
nepal-flooding_00000482_post_disaster,dataset\xbd\tier3\images\nepal-flooding_00000482_post_disaster.png,dataset\xbd_masks\nepal-flooding_00000482_post_disaster.png,77,0,5059,241
nepal-flooding_00000484_post_disaster,dataset\xbd\tier3\images\nepal-flooding_00000484_post_disaster.png,dataset\xbd_masks\nepal-flooding_00000484_post_disaster.png,50122,9429,0,0
nepal-flooding_00000485_post_disaster,dataset\xbd\tier3\images\nepal-flooding_00000485_post_disaster.png,dataset\xbd_masks\nepal-flooding_00000485_post_disaster.png,97619,0,0,0
nepal-flooding_00000486_post_disaster,dataset\xbd\tier3\images\nepal-flooding_00000486_post_disaster.png,dataset\xbd_masks\nepal-flooding_00000486_post_disaster.png,19791,0,0,0
nepal-flooding_00000487_post_disaster,dataset\xbd\tier3\images\nepal-flooding_00000487_post_disaster.png,dataset\xbd_masks\nepal-flooding_00000487_post_disaster.png,38007,17930,1626,724
nepal-flooding_00000488_post_disaster,dataset\xbd\tier3\images\nepal-flooding_00000488_post_disaster.png,dataset\xbd_masks\nepal-flooding_00000488_post_disaster.png,5958,0,740,0
nepal-flooding_00000489_post_disaster,dataset\xbd\tier3\images\nepal-flooding_00000489_post_disaster.png,dataset\xbd_masks\nepal-flooding_00000489_post_disaster.png,58376,13751,9183,0
nepal-flooding_00000490_post_disaster,dataset\xbd\tier3\images\nepal-flooding_00000490_post_disaster.png,dataset\xbd_masks\nepal-flooding_00000490_post_disaster.png,38042,0,32,0
nepal-flooding_00000491_post_disaster,dataset\xbd\tier3\images\nepal-flooding_00000491_post_disaster.png,dataset\xbd_masks\nepal-flooding_00000491_post_disaster.png,77942,3194,2136,0
nepal-flooding_00000492_post_disaster,dataset\xbd\tier3\images\nepal-flooding_00000492_post_disaster.png,dataset\xbd_masks\nepal-flooding_00000492_post_disaster.png,35601,32225,343,0
nepal-flooding_00000493_post_disaster,dataset\xbd\tier3\images\nepal-flooding_00000493_post_disaster.png,dataset\xbd_masks\nepal-flooding_00000493_post_disaster.png,78098,5075,3046,0
nepal-flooding_00000494_post_disaster,dataset\xbd\tier3\images\nepal-flooding_00000494_post_disaster.png,dataset\xbd_masks\nepal-flooding_00000494_post_disaster.png,7221,0,1057,0
nepal-flooding_00000495_post_disaster,dataset\xbd\tier3\images\nepal-flooding_00000495_post_disaster.png,dataset\xbd_masks\nepal-flooding_00000495_post_disaster.png,10909,0,0,0
nepal-flooding_00000496_post_disaster,dataset\xbd\tier3\images\nepal-flooding_00000496_post_disaster.png,dataset\xbd_masks\nepal-flooding_00000496_post_disaster.png,5044,5870,0,0
nepal-flooding_00000497_post_disaster,dataset\xbd\tier3\images\nepal-flooding_00000497_post_disaster.png,dataset\xbd_masks\nepal-flooding_00000497_post_disaster.png,2340,1410,12660,0
nepal-flooding_00000498_post_disaster,dataset\xbd\tier3\images\nepal-flooding_00000498_post_disaster.png,dataset\xbd_masks\nepal-flooding_00000498_post_disaster.png,29043,3623,390,0
nepal-flooding_00000499_post_disaster,dataset\xbd\tier3\images\nepal-flooding_00000499_post_disaster.png,dataset\xbd_masks\nepal-flooding_00000499_post_disaster.png,2299,102,4426,440
nepal-flooding_00000500_post_disaster,dataset\xbd\tier3\images\nepal-flooding_00000500_post_disaster.png,dataset\xbd_masks\nepal-flooding_00000500_post_disaster.png,2248,0,1221,0
nepal-flooding_00000501_post_disaster,dataset\xbd\tier3\images\nepal-flooding_00000501_post_disaster.png,dataset\xbd_masks\nepal-flooding_00000501_post_disaster.png,28068,0,1341,0
nepal-flooding_00000503_post_disaster,dataset\xbd\tier3\images\nepal-flooding_00000503_post_disaster.png,dataset\xbd_masks\nepal-flooding_00000503_post_disaster.png,11054,715,0,55
nepal-flooding_00000504_post_disaster,dataset\xbd\tier3\images\nepal-flooding_00000504_post_disaster.png,dataset\xbd_masks\nepal-flooding_00000504_post_disaster.png,106725,0,0,0
nepal-flooding_00000505_post_disaster,dataset\xbd\tier3\images\nepal-flooding_00000505_post_disaster.png,dataset\xbd_masks\nepal-flooding_00000505_post_disaster.png,4227,2721,655,0
nepal-flooding_00000506_post_disaster,dataset\xbd\tier3\images\nepal-flooding_00000506_post_disaster.png,dataset\xbd_masks\nepal-flooding_00000506_post_disaster.png,0,0,0,801
nepal-flooding_00000507_post_disaster,dataset\xbd\tier3\images\nepal-flooding_00000507_post_disaster.png,dataset\xbd_masks\nepal-flooding_00000507_post_disaster.png,9763,850,0,534
nepal-flooding_00000508_post_disaster,dataset\xbd\tier3\images\nepal-flooding_00000508_post_disaster.png,dataset\xbd_masks\nepal-flooding_00000508_post_disaster.png,23474,10701,176,381
nepal-flooding_00000509_post_disaster,dataset\xbd\tier3\images\nepal-flooding_00000509_post_disaster.png,dataset\xbd_masks\nepal-flooding_00000509_post_disaster.png,0,32638,18710,0
nepal-flooding_00000510_post_disaster,dataset\xbd\tier3\images\nepal-flooding_00000510_post_disaster.png,dataset\xbd_masks\nepal-flooding_00000510_post_disaster.png,23500,0,0,0
nepal-flooding_00000511_post_disaster,dataset\xbd\tier3\images\nepal-flooding_00000511_post_disaster.png,dataset\xbd_masks\nepal-flooding_00000511_post_disaster.png,17476,12395,1011,0
nepal-flooding_00000512_post_disaster,dataset\xbd\tier3\images\nepal-flooding_00000512_post_disaster.png,dataset\xbd_masks\nepal-flooding_00000512_post_disaster.png,843,4504,3184,0
nepal-flooding_00000513_post_disaster,dataset\xbd\tier3\images\nepal-flooding_00000513_post_disaster.png,dataset\xbd_masks\nepal-flooding_00000513_post_disaster.png,23529,485,1269,137
nepal-flooding_00000514_post_disaster,dataset\xbd\tier3\images\nepal-flooding_00000514_post_disaster.png,dataset\xbd_masks\nepal-flooding_00000514_post_disaster.png,94145,6532,285,0
nepal-flooding_00000515_post_disaster,dataset\xbd\tier3\images\nepal-flooding_00000515_post_disaster.png,dataset\xbd_masks\nepal-flooding_00000515_post_disaster.png,6900,4262,1213,175
nepal-flooding_00000516_post_disaster,dataset\xbd\tier3\images\nepal-flooding_00000516_post_disaster.png,dataset\xbd_masks\nepal-flooding_00000516_post_disaster.png,68787,31679,18592,0
nepal-flooding_00000517_post_disaster,dataset\xbd\tier3\images\nepal-flooding_00000517_post_disaster.png,dataset\xbd_masks\nepal-flooding_00000517_post_disaster.png,0,0,6961,311
nepal-flooding_00000518_post_disaster,dataset\xbd\tier3\images\nepal-flooding_00000518_post_disaster.png,dataset\xbd_masks\nepal-flooding_00000518_post_disaster.png,1352,0,0,0
nepal-flooding_00000519_post_disaster,dataset\xbd\tier3\images\nepal-flooding_00000519_post_disaster.png,dataset\xbd_masks\nepal-flooding_00000519_post_disaster.png,13385,0,2197,0
nepal-flooding_00000520_post_disaster,dataset\xbd\tier3\images\nepal-flooding_00000520_post_disaster.png,dataset\xbd_masks\nepal-flooding_00000520_post_disaster.png,0,676,3852,0
nepal-flooding_00000521_post_disaster,dataset\xbd\tier3\images\nepal-flooding_00000521_post_disaster.png,dataset\xbd_masks\nepal-flooding_00000521_post_disaster.png,0,0,483,0
nepal-flooding_00000522_post_disaster,dataset\xbd\tier3\images\nepal-flooding_00000522_post_disaster.png,dataset\xbd_masks\nepal-flooding_00000522_post_disaster.png,4040,14218,776,0
nepal-flooding_00000523_post_disaster,dataset\xbd\tier3\images\nepal-flooding_00000523_post_disaster.png,dataset\xbd_masks\nepal-flooding_00000523_post_disaster.png,0,0,3866,1786
nepal-flooding_00000525_post_disaster,dataset\xbd\tier3\images\nepal-flooding_00000525_post_disaster.png,dataset\xbd_masks\nepal-flooding_00000525_post_disaster.png,172533,7169,0,0
nepal-flooding_00000526_post_disaster,dataset\xbd\tier3\images\nepal-flooding_00000526_post_disaster.png,dataset\xbd_masks\nepal-flooding_00000526_post_disaster.png,20343,4679,1474,0
nepal-flooding_00000527_post_disaster,dataset\xbd\tier3\images\nepal-flooding_00000527_post_disaster.png,dataset\xbd_masks\nepal-flooding_00000527_post_disaster.png,125277,3063,0,242
nepal-flooding_00000528_post_disaster,dataset\xbd\tier3\images\nepal-flooding_00000528_post_disaster.png,dataset\xbd_masks\nepal-flooding_00000528_post_disaster.png,1435,1743,0,0
nepal-flooding_00000529_post_disaster,dataset\xbd\tier3\images\nepal-flooding_00000529_post_disaster.png,dataset\xbd_masks\nepal-flooding_00000529_post_disaster.png,0,0,511,0
nepal-flooding_00000530_post_disaster,dataset\xbd\tier3\images\nepal-flooding_00000530_post_disaster.png,dataset\xbd_masks\nepal-flooding_00000530_post_disaster.png,58152,3916,2818,0
nepal-flooding_00000531_post_disaster,dataset\xbd\tier3\images\nepal-flooding_00000531_post_disaster.png,dataset\xbd_masks\nepal-flooding_00000531_post_disaster.png,179430,28681,6254,568
nepal-flooding_00000532_post_disaster,dataset\xbd\tier3\images\nepal-flooding_00000532_post_disaster.png,dataset\xbd_masks\nepal-flooding_00000532_post_disaster.png,42,0,0,0
nepal-flooding_00000533_post_disaster,dataset\xbd\tier3\images\nepal-flooding_00000533_post_disaster.png,dataset\xbd_masks\nepal-flooding_00000533_post_disaster.png,27506,6619,0,0
nepal-flooding_00000534_post_disaster,dataset\xbd\tier3\images\nepal-flooding_00000534_post_disaster.png,dataset\xbd_masks\nepal-flooding_00000534_post_disaster.png,3247,1306,3211,560
nepal-flooding_00000535_post_disaster,dataset\xbd\tier3\images\nepal-flooding_00000535_post_disaster.png,dataset\xbd_masks\nepal-flooding_00000535_post_disaster.png,11801,18180,2393,0
nepal-flooding_00000536_post_disaster,dataset\xbd\tier3\images\nepal-flooding_00000536_post_disaster.png,dataset\xbd_masks\nepal-flooding_00000536_post_disaster.png,3799,790,8942,146
nepal-flooding_00000537_post_disaster,dataset\xbd\tier3\images\nepal-flooding_00000537_post_disaster.png,dataset\xbd_masks\nepal-flooding_00000537_post_disaster.png,53668,1992,1375,0
nepal-flooding_00000538_post_disaster,dataset\xbd\tier3\images\nepal-flooding_00000538_post_disaster.png,dataset\xbd_masks\nepal-flooding_00000538_post_disaster.png,36,0,3662,260
nepal-flooding_00000540_post_disaster,dataset\xbd\tier3\images\nepal-flooding_00000540_post_disaster.png,dataset\xbd_masks\nepal-flooding_00000540_post_disaster.png,0,0,6824,233
nepal-flooding_00000541_post_disaster,dataset\xbd\tier3\images\nepal-flooding_00000541_post_disaster.png,dataset\xbd_masks\nepal-flooding_00000541_post_disaster.png,0,12153,1614,0
nepal-flooding_00000543_post_disaster,dataset\xbd\tier3\images\nepal-flooding_00000543_post_disaster.png,dataset\xbd_masks\nepal-flooding_00000543_post_disaster.png,32639,5971,0,0
nepal-flooding_00000544_post_disaster,dataset\xbd\tier3\images\nepal-flooding_00000544_post_disaster.png,dataset\xbd_masks\nepal-flooding_00000544_post_disaster.png,2958,7218,6681,0
nepal-flooding_00000545_post_disaster,dataset\xbd\tier3\images\nepal-flooding_00000545_post_disaster.png,dataset\xbd_masks\nepal-flooding_00000545_post_disaster.png,0,0,603,0
nepal-flooding_00000546_post_disaster,dataset\xbd\tier3\images\nepal-flooding_00000546_post_disaster.png,dataset\xbd_masks\nepal-flooding_00000546_post_disaster.png,54152,0,0,0
nepal-flooding_00000547_post_disaster,dataset\xbd\tier3\images\nepal-flooding_00000547_post_disaster.png,dataset\xbd_masks\nepal-flooding_00000547_post_disaster.png,0,0,1884,333
nepal-flooding_00000548_post_disaster,dataset\xbd\tier3\images\nepal-flooding_00000548_post_disaster.png,dataset\xbd_masks\nepal-flooding_00000548_post_disaster.png,56890,3517,0,0
nepal-flooding_00000549_post_disaster,dataset\xbd\tier3\images\nepal-flooding_00000549_post_disaster.png,dataset\xbd_masks\nepal-flooding_00000549_post_disaster.png,0,0,461,0
nepal-flooding_00000550_post_disaster,dataset\xbd\tier3\images\nepal-flooding_00000550_post_disaster.png,dataset\xbd_masks\nepal-flooding_00000550_post_disaster.png,68370,6185,0,0
nepal-flooding_00000551_post_disaster,dataset\xbd\tier3\images\nepal-flooding_00000551_post_disaster.png,dataset\xbd_masks\nepal-flooding_00000551_post_disaster.png,22054,20257,5792,0
nepal-flooding_00000552_post_disaster,dataset\xbd\tier3\images\nepal-flooding_00000552_post_disaster.png,dataset\xbd_masks\nepal-flooding_00000552_post_disaster.png,1912,3934,6231,0
nepal-flooding_00000553_post_disaster,dataset\xbd\tier3\images\nepal-flooding_00000553_post_disaster.png,dataset\xbd_masks\nepal-flooding_00000553_post_disaster.png,85400,2934,0,0
nepal-flooding_00000554_post_disaster,dataset\xbd\tier3\images\nepal-flooding_00000554_post_disaster.png,dataset\xbd_masks\nepal-flooding_00000554_post_disaster.png,110704,10625,2540,0
nepal-flooding_00000555_post_disaster,dataset\xbd\tier3\images\nepal-flooding_00000555_post_disaster.png,dataset\xbd_masks\nepal-flooding_00000555_post_disaster.png,9443,8161,4455,667
nepal-flooding_00000556_post_disaster,dataset\xbd\tier3\images\nepal-flooding_00000556_post_disaster.png,dataset\xbd_masks\nepal-flooding_00000556_post_disaster.png,6783,4646,919,85
nepal-flooding_00000557_post_disaster,dataset\xbd\tier3\images\nepal-flooding_00000557_post_disaster.png,dataset\xbd_masks\nepal-flooding_00000557_post_disaster.png,9371,1943,1484,665
nepal-flooding_00000558_post_disaster,dataset\xbd\tier3\images\nepal-flooding_00000558_post_disaster.png,dataset\xbd_masks\nepal-flooding_00000558_post_disaster.png,177,459,0,0
nepal-flooding_00000559_post_disaster,dataset\xbd\tier3\images\nepal-flooding_00000559_post_disaster.png,dataset\xbd_masks\nepal-flooding_00000559_post_disaster.png,764,0,0,0
nepal-flooding_00000560_post_disaster,dataset\xbd\tier3\images\nepal-flooding_00000560_post_disaster.png,dataset\xbd_masks\nepal-flooding_00000560_post_disaster.png,57447,16983,0,0
nepal-flooding_00000561_post_disaster,dataset\xbd\tier3\images\nepal-flooding_00000561_post_disaster.png,dataset\xbd_masks\nepal-flooding_00000561_post_disaster.png,0,0,1440,131
nepal-flooding_00000563_post_disaster,dataset\xbd\tier3\images\nepal-flooding_00000563_post_disaster.png,dataset\xbd_masks\nepal-flooding_00000563_post_disaster.png,32407,51535,10201,0
nepal-flooding_00000564_post_disaster,dataset\xbd\tier3\images\nepal-flooding_00000564_post_disaster.png,dataset\xbd_masks\nepal-flooding_00000564_post_disaster.png,202451,26856,1645,0
nepal-flooding_00000565_post_disaster,dataset\xbd\tier3\images\nepal-flooding_00000565_post_disaster.png,dataset\xbd_masks\nepal-flooding_00000565_post_disaster.png,877,3461,424,0
nepal-flooding_00000566_post_disaster,dataset\xbd\tier3\images\nepal-flooding_00000566_post_disaster.png,dataset\xbd_masks\nepal-flooding_00000566_post_disaster.png,47259,8463,0,0
nepal-flooding_00000567_post_disaster,dataset\xbd\tier3\images\nepal-flooding_00000567_post_disaster.png,dataset\xbd_masks\nepal-flooding_00000567_post_disaster.png,55660,24744,2925,0
nepal-flooding_00000568_post_disaster,dataset\xbd\tier3\images\nepal-flooding_00000568_post_disaster.png,dataset\xbd_masks\nepal-flooding_00000568_post_disaster.png,5993,1420,1489,389
nepal-flooding_00000569_post_disaster,dataset\xbd\tier3\images\nepal-flooding_00000569_post_disaster.png,dataset\xbd_masks\nepal-flooding_00000569_post_disaster.png,19574,0,0,0
nepal-flooding_00000570_post_disaster,dataset\xbd\tier3\images\nepal-flooding_00000570_post_disaster.png,dataset\xbd_masks\nepal-flooding_00000570_post_disaster.png,0,2276,1287,0
nepal-flooding_00000571_post_disaster,dataset\xbd\tier3\images\nepal-flooding_00000571_post_disaster.png,dataset\xbd_masks\nepal-flooding_00000571_post_disaster.png,94497,1733,0,0
nepal-flooding_00000572_post_disaster,dataset\xbd\tier3\images\nepal-flooding_00000572_post_disaster.png,dataset\xbd_masks\nepal-flooding_00000572_post_disaster.png,13936,12257,11935,0
nepal-flooding_00000573_post_disaster,dataset\xbd\tier3\images\nepal-flooding_00000573_post_disaster.png,dataset\xbd_masks\nepal-flooding_00000573_post_disaster.png,31,0,0,0
nepal-flooding_00000574_post_disaster,dataset\xbd\tier3\images\nepal-flooding_00000574_post_disaster.png,dataset\xbd_masks\nepal-flooding_00000574_post_disaster.png,21309,4404,1212,0
nepal-flooding_00000575_post_disaster,dataset\xbd\tier3\images\nepal-flooding_00000575_post_disaster.png,dataset\xbd_masks\nepal-flooding_00000575_post_disaster.png,0,31484,1870,0
nepal-flooding_00000576_post_disaster,dataset\xbd\tier3\images\nepal-flooding_00000576_post_disaster.png,dataset\xbd_masks\nepal-flooding_00000576_post_disaster.png,51993,9919,7064,0
nepal-flooding_00000577_post_disaster,dataset\xbd\tier3\images\nepal-flooding_00000577_post_disaster.png,dataset\xbd_masks\nepal-flooding_00000577_post_disaster.png,0,0,1835,132
nepal-flooding_00000578_post_disaster,dataset\xbd\tier3\images\nepal-flooding_00000578_post_disaster.png,dataset\xbd_masks\nepal-flooding_00000578_post_disaster.png,24089,835,0,0
nepal-flooding_00000579_post_disaster,dataset\xbd\tier3\images\nepal-flooding_00000579_post_disaster.png,dataset\xbd_masks\nepal-flooding_00000579_post_disaster.png,8114,7906,1175,231
nepal-flooding_00000581_post_disaster,dataset\xbd\tier3\images\nepal-flooding_00000581_post_disaster.png,dataset\xbd_masks\nepal-flooding_00000581_post_disaster.png,0,0,385,0
nepal-flooding_00000582_post_disaster,dataset\xbd\tier3\images\nepal-flooding_00000582_post_disaster.png,dataset\xbd_masks\nepal-flooding_00000582_post_disaster.png,45,0,1872,0
nepal-flooding_00000583_post_disaster,dataset\xbd\tier3\images\nepal-flooding_00000583_post_disaster.png,dataset\xbd_masks\nepal-flooding_00000583_post_disaster.png,528,978,967,0
nepal-flooding_00000584_post_disaster,dataset\xbd\tier3\images\nepal-flooding_00000584_post_disaster.png,dataset\xbd_masks\nepal-flooding_00000584_post_disaster.png,200635,0,0,0
nepal-flooding_00000585_post_disaster,dataset\xbd\tier3\images\nepal-flooding_00000585_post_disaster.png,dataset\xbd_masks\nepal-flooding_00000585_post_disaster.png,40863,4949,0,0
nepal-flooding_00000586_post_disaster,dataset\xbd\tier3\images\nepal-flooding_00000586_post_disaster.png,dataset\xbd_masks\nepal-flooding_00000586_post_disaster.png,324,607,2419,0
nepal-flooding_00000587_post_disaster,dataset\xbd\tier3\images\nepal-flooding_00000587_post_disaster.png,dataset\xbd_masks\nepal-flooding_00000587_post_disaster.png,75211,9639,905,0
nepal-flooding_00000588_post_disaster,dataset\xbd\tier3\images\nepal-flooding_00000588_post_disaster.png,dataset\xbd_masks\nepal-flooding_00000588_post_disaster.png,4277,1056,0,0
nepal-flooding_00000589_post_disaster,dataset\xbd\tier3\images\nepal-flooding_00000589_post_disaster.png,dataset\xbd_masks\nepal-flooding_00000589_post_disaster.png,10501,3228,669,0
nepal-flooding_00000590_post_disaster,dataset\xbd\tier3\images\nepal-flooding_00000590_post_disaster.png,dataset\xbd_masks\nepal-flooding_00000590_post_disaster.png,92,6321,681,0
nepal-flooding_00000591_post_disaster,dataset\xbd\tier3\images\nepal-flooding_00000591_post_disaster.png,dataset\xbd_masks\nepal-flooding_00000591_post_disaster.png,83,0,222,0
nepal-flooding_00000592_post_disaster,dataset\xbd\tier3\images\nepal-flooding_00000592_post_disaster.png,dataset\xbd_masks\nepal-flooding_00000592_post_disaster.png,3303,851,0,0
nepal-flooding_00000593_post_disaster,dataset\xbd\tier3\images\nepal-flooding_00000593_post_disaster.png,dataset\xbd_masks\nepal-flooding_00000593_post_disaster.png,0,0,1990,0
nepal-flooding_00000594_post_disaster,dataset\xbd\tier3\images\nepal-flooding_00000594_post_disaster.png,dataset\xbd_masks\nepal-flooding_00000594_post_disaster.png,49575,16072,8655,0
nepal-flooding_00000595_post_disaster,dataset\xbd\tier3\images\nepal-flooding_00000595_post_disaster.png,dataset\xbd_masks\nepal-flooding_00000595_post_disaster.png,6150,4991,16950,0
nepal-flooding_00000596_post_disaster,dataset\xbd\tier3\images\nepal-flooding_00000596_post_disaster.png,dataset\xbd_masks\nepal-flooding_00000596_post_disaster.png,0,1236,0,0
nepal-flooding_00000597_post_disaster,dataset\xbd\tier3\images\nepal-flooding_00000597_post_disaster.png,dataset\xbd_masks\nepal-flooding_00000597_post_disaster.png,62831,7697,552,0
nepal-flooding_00000598_post_disaster,dataset\xbd\tier3\images\nepal-flooding_00000598_post_disaster.png,dataset\xbd_masks\nepal-flooding_00000598_post_disaster.png,343,5654,395,0
nepal-flooding_00000599_post_disaster,dataset\xbd\tier3\images\nepal-flooding_00000599_post_disaster.png,dataset\xbd_masks\nepal-flooding_00000599_post_disaster.png,7858,0,0,0
nepal-flooding_00000600_post_disaster,dataset\xbd\tier3\images\nepal-flooding_00000600_post_disaster.png,dataset\xbd_masks\nepal-flooding_00000600_post_disaster.png,5475,4177,12095,813
nepal-flooding_00000601_post_disaster,dataset\xbd\tier3\images\nepal-flooding_00000601_post_disaster.png,dataset\xbd_masks\nepal-flooding_00000601_post_disaster.png,101304,13042,1289,0
nepal-flooding_00000602_post_disaster,dataset\xbd\tier3\images\nepal-flooding_00000602_post_disaster.png,dataset\xbd_masks\nepal-flooding_00000602_post_disaster.png,16599,8703,4942,0
nepal-flooding_00000603_post_disaster,dataset\xbd\tier3\images\nepal-flooding_00000603_post_disaster.png,dataset\xbd_masks\nepal-flooding_00000603_post_disaster.png,5047,2003,684,560
nepal-flooding_00000604_post_disaster,dataset\xbd\tier3\images\nepal-flooding_00000604_post_disaster.png,dataset\xbd_masks\nepal-flooding_00000604_post_disaster.png,25416,0,0,0
nepal-flooding_00000605_post_disaster,dataset\xbd\tier3\images\nepal-flooding_00000605_post_disaster.png,dataset\xbd_masks\nepal-flooding_00000605_post_disaster.png,112015,3278,0,0
nepal-flooding_00000606_post_disaster,dataset\xbd\tier3\images\nepal-flooding_00000606_post_disaster.png,dataset\xbd_masks\nepal-flooding_00000606_post_disaster.png,7861,10148,18741,0
nepal-flooding_00000607_post_disaster,dataset\xbd\tier3\images\nepal-flooding_00000607_post_disaster.png,dataset\xbd_masks\nepal-flooding_00000607_post_disaster.png,20253,0,0,0
nepal-flooding_00000608_post_disaster,dataset\xbd\tier3\images\nepal-flooding_00000608_post_disaster.png,dataset\xbd_masks\nepal-flooding_00000608_post_disaster.png,335094,5592,0,0
nepal-flooding_00000609_post_disaster,dataset\xbd\tier3\images\nepal-flooding_00000609_post_disaster.png,dataset\xbd_masks\nepal-flooding_00000609_post_disaster.png,38420,16723,2073,0
nepal-flooding_00000610_post_disaster,dataset\xbd\tier3\images\nepal-flooding_00000610_post_disaster.png,dataset\xbd_masks\nepal-flooding_00000610_post_disaster.png,155880,0,0,0
nepal-flooding_00000611_post_disaster,dataset\xbd\tier3\images\nepal-flooding_00000611_post_disaster.png,dataset\xbd_masks\nepal-flooding_00000611_post_disaster.png,1864,1429,3569,655
nepal-flooding_00000612_post_disaster,dataset\xbd\tier3\images\nepal-flooding_00000612_post_disaster.png,dataset\xbd_masks\nepal-flooding_00000612_post_disaster.png,42932,6811,3421,0
nepal-flooding_00000613_post_disaster,dataset\xbd\tier3\images\nepal-flooding_00000613_post_disaster.png,dataset\xbd_masks\nepal-flooding_00000613_post_disaster.png,19535,1706,7243,0
nepal-flooding_00000614_post_disaster,dataset\xbd\tier3\images\nepal-flooding_00000614_post_disaster.png,dataset\xbd_masks\nepal-flooding_00000614_post_disaster.png,2558,2734,1870,470
nepal-flooding_00000615_post_disaster,dataset\xbd\tier3\images\nepal-flooding_00000615_post_disaster.png,dataset\xbd_masks\nepal-flooding_00000615_post_disaster.png,173,0,0,0
nepal-flooding_00000617_post_disaster,dataset\xbd\tier3\images\nepal-flooding_00000617_post_disaster.png,dataset\xbd_masks\nepal-flooding_00000617_post_disaster.png,212,4201,2513,0
nepal-flooding_00000618_post_disaster,dataset\xbd\tier3\images\nepal-flooding_00000618_post_disaster.png,dataset\xbd_masks\nepal-flooding_00000618_post_disaster.png,135323,30426,5569,0
