evento,es_incendio,p_incendio
crasar:Champlain,0,0.106403
crasar:Champlain,0,0.124706
crasar:Champlain,0,0.159178
crasar:Champlain,0,0.011360
crasar:Champlain,0,0.028499
crasar:Champlain,0,0.413601
crasar:Champlain,0,0.000173
crasar:Champlain,0,0.003217
crasar:Champlain,0,0.001215
crasar:Champlain,0,0.019876
crasar:Champlain,0,0.008153
crasar:Champlain,0,0.004184
crasar:Champlain,0,0.135807
crasar:Champlain,0,0.006357
crasar:Champlain,0,0.002140
crasar:Champlain,0,0.011313
crasar:Champlain,0,0.454536
crasar:Champlain,0,0.014272
crasar:Champlain,0,0.000835
crasar:Champlain,0,0.000028
crasar:Champlain,0,0.000277
crasar:Champlain,0,0.001635
crasar:Champlain,0,0.335384
crasar:Champlain,0,0.021379
crasar:Champlain,0,0.235252
crasar:Champlain,0,0.008277
crasar:Champlain,0,0.000000
crasar:Champlain,0,0.018092
crasar:Champlain,0,0.000004
crasar:Champlain,0,0.079660
crasar:Champlain,0,0.012097
crasar:Champlain,0,0.642895
crasar:Champlain,0,0.012289
crasar:Champlain,0,0.000437
crasar:Champlain,0,0.054154
crasar:Champlain,0,0.003146
crasar:Champlain,0,0.000648
crasar:Champlain,0,0.000292
crasar:Champlain,0,0.001252
crasar:Champlain,0,0.000415
crasar:Champlain,0,0.043101
crasar:Champlain,0,0.093720
crasar:Champlain,0,0.013348
crasar:Champlain,0,0.003306
crasar:Champlain,0,0.312807
crasar:Champlain,0,0.010922
crasar:Champlain,0,0.000026
crasar:Champlain,0,0.000052
crasar:Champlain,0,0.000225
crasar:Champlain,0,0.135321
crasar:Champlain,0,0.157022
crasar:Champlain,0,0.010219
crasar:Champlain,0,0.056288
crasar:Champlain,0,0.010675
crasar:Champlain,0,0.000890
crasar:Champlain,0,0.001018
crasar:Cocodrie,0,0.000173
crasar:Cocodrie,0,0.164017
crasar:Cocodrie,0,0.000457
crasar:Cocodrie,0,0.352748
crasar:Cocodrie,0,0.351629
crasar:Cocodrie,0,0.978266
crasar:Cocodrie,0,0.540337
crasar:Cocodrie,0,0.555561
crasar:Cocodrie,0,0.000012
crasar:Cocodrie,0,0.002361
crasar:Cocodrie,0,0.036289
crasar:Cocodrie,0,0.548509
crasar:Cocodrie,0,0.070816
crasar:Cocodrie,0,0.001027
crasar:Cocodrie,0,0.090146
crasar:Cocodrie,0,0.006128
crasar:Cocodrie,0,0.001789
crasar:Cocodrie,0,0.022893
crasar:Cocodrie,0,0.620896
crasar:Cocodrie,0,0.306556
crasar:Cocodrie,0,0.001046
crasar:Cocodrie,0,0.050466
crasar:Cocodrie,0,0.003560
crasar:Cocodrie,0,0.999734
crasar:Cocodrie,0,0.030562
crasar:Cocodrie,0,0.107164
crasar:Cocodrie,0,0.002127
crasar:Cocodrie,0,0.000009
crasar:Cocodrie,0,0.018249
crasar:Cocodrie,0,0.091584
crasar:Cocodrie,0,0.720585
crasar:Cocodrie,0,0.000291
crasar:Cocodrie,0,0.000052
crasar:Cocodrie,0,0.080799
crasar:Cocodrie,0,0.000019
crasar:Cocodrie,0,0.026553
crasar:Cocodrie,0,0.199366
crasar:Cocodrie,0,0.108870
crasar:Cocodrie,0,0.000029
crasar:Cocodrie,0,0.000118
crasar:Cocodrie,0,0.000430
crasar:Cocodrie,0,0.040769
crasar:Cocodrie,0,0.035260
crasar:Cocodrie,0,0.110589
crasar:Cocodrie,0,0.000853
crasar:Cocodrie,0,0.000079
crasar:Cocodrie,0,0.001255
crasar:Cocodrie,0,0.000797
crasar:Cocodrie,0,0.568454
crasar:Cocodrie,0,0.155150
crasar:Cocodrie,0,0.008621
crasar:Cocodrie,0,0.001164
crasar:Cocodrie,0,0.000609
crasar:Cocodrie,0,0.007046
crasar:Cocodrie,0,0.001265
crasar:Cocodrie,0,0.677688
crasar:Cocodrie,0,0.018565
crasar:Cocodrie,0,0.203481
crasar:Cocodrie,0,0.000731
crasar:Cocodrie,0,0.060669
crasar:Cocodrie,0,0.302612
crasar:Cocodrie,0,0.022219
crasar:Cocodrie,0,0.021181
crasar:MussettBayouFire,1,0.000304
crasar:MussettBayouFire,1,0.000000
crasar:MussettBayouFire,1,0.025865
crasar:MussettBayouFire,1,0.000009
crasar:MussettBayouFire,1,0.000257
crasar:MussettBayouFire,1,0.001549
crasar:MussettBayouFire,1,0.000031
crasar:MussettBayouFire,1,0.000000
crasar:MussettBayouFire,1,0.030783
crasar:MussettBayouFire,1,0.000000
crasar:MussettBayouFire,1,0.000001
crasar:MussettBayouFire,1,0.547858
crasar:MussettBayouFire,1,0.000161
crasar:MussettBayouFire,1,0.000223
crasar:MussettBayouFire,1,0.340815
crasar:MussettBayouFire,1,0.000281
crasar:MussettBayouFire,1,0.000016
crasar:MussettBayouFire,1,0.000036
crasar:MussettBayouFire,1,0.052353
crasar:MussettBayouFire,1,0.000338
crasar:MussettBayouFire,1,0.001070
crasar:MussettBayouFire,1,0.000940
crasar:MussettBayouFire,1,0.000049
crasar:MussettBayouFire,1,0.000117
crasar:MussettBayouFire,1,0.000374
crasar:MussettBayouFire,1,0.003531
crasar:MussettBayouFire,1,0.000003
crasar:MussettBayouFire,1,0.000000
crasar:MussettBayouFire,1,0.000000
crasar:MussettBayouFire,1,0.000202
crasar:MussettBayouFire,1,0.000128
crasar:MussettBayouFire,1,0.046959
crasar:MussettBayouFire,1,0.001516
crasar:MussettBayouFire,1,0.000001
crasar:MussettBayouFire,1,0.000000
crasar:MussettBayouFire,1,0.000227
crasar:MussettBayouFire,1,0.000000
crasar:MussettBayouFire,1,0.000114
crasar:MussettBayouFire,1,0.000544
crasar:MussettBayouFire,1,0.100980
crasar:MussettBayouFire,1,0.000001
crasar:MussettBayouFire,1,0.000222
crasar:MussettBayouFire,1,0.013680
crasar:MussettBayouFire,1,0.000079
crasar:MussettBayouFire,1,0.000000
crasar:MussettBayouFire,1,0.000237
crasar:MussettBayouFire,1,0.000003
crasar:MussettBayouFire,1,0.000612
crasar:MussettBayouFire,1,0.000010
crasar:MussettBayouFire,1,0.004310
crasar:MussettBayouFire,1,0.001259
crasar:MussettBayouFire,1,0.000003
crasar:MussettBayouFire,1,0.000119
crasar:MussettBayouFire,1,0.000006
crasar:MussettBayouFire,1,0.015738
crasar:MussettBayouFire,1,0.000000
crasar:MussettBayouFire,1,0.001191
crasar:MussettBayouFire,1,0.000005
crasar:MussettBayouFire,1,0.014758
crasar:MussettBayouFire,1,0.001561
crasar:MussettBayouFire,1,0.000000
crasar:MussettBayouFire,1,0.000029
crasar:MussettBayouFire,1,0.069093
crasar:MussettBayouFire,1,0.000001
crasar:MussettBayouFire,1,0.216221
crasar:MussettBayouFire,1,0.000000
crasar:MussettBayouFire,1,0.000000
crasar:MussettBayouFire,1,0.000119
crasar:MussettBayouFire,1,0.022594
crasar:MussettBayouFire,1,0.000760
crasar:MussettBayouFire,1,0.000000
crasar:MussettBayouFire,1,0.000321
crasar:MussettBayouFire,1,0.059441
crasar:MussettBayouFire,1,0.000000
crasar:MussettBayouFire,1,0.000045
crasar:MussettBayouFire,1,0.000431
crasar:MussettBayouFire,1,0.000000
crasar:MussettBayouFire,1,0.000339
crasar:MussettBayouFire,1,0.000214
crasar:MussettBayouFire,1,0.000011
crasar:MussettBayouFire,1,0.000160
crasar:MussettBayouFire,1,0.001337
crasar:MussettBayouFire,1,0.030264
crasar:MussettBayouFire,1,0.000003
crasar:MussettBayouFire,1,0.000687
crasar:MussettBayouFire,1,0.749794
crasar:MussettBayouFire,1,0.000000
crasar:MussettBayouFire,1,0.000003
crasar:MussettBayouFire,1,0.000003
crasar:MussettBayouFire,1,0.010767
crasar:MussettBayouFire,1,0.000034
crasar:MussettBayouFire,1,0.000044
crasar:MussettBayouFire,1,0.000001
crasar:MussettBayouFire,1,0.000033
crasar:MussettBayouFire,1,0.000000
crasar:MussettBayouFire,1,0.000000
crasar:MussettBayouFire,1,0.000001
crasar:MussettBayouFire,1,0.000007
crasar:MussettBayouFire,1,0.000426
crasar:MussettBayouFire,1,0.000000
crasar:MussettBayouFire,1,0.000222
crasar:MussettBayouFire,1,0.072239
crasar:MussettBayouFire,1,0.000000
crasar:MussettBayouFire,1,0.001221
crasar:MussettBayouFire,1,0.000018
crasar:MussettBayouFire,1,0.001304
crasar:MussettBayouFire,1,0.000010
crasar:MussettBayouFire,1,0.000829
crasar:MussettBayouFire,1,0.000089
crasar:MussettBayouFire,1,0.000137
crasar:MussettBayouFire,1,0.000006
crasar:MussettBayouFire,1,0.013773
crasar:MussettBayouFire,1,0.000000
crasar:MussettBayouFire,1,0.000001
crasar:MussettBayouFire,1,0.000161
crasar:MussettBayouFire,1,0.000000
crasar:MussettBayouFire,1,0.000000
crasar:MussettBayouFire,1,0.000112
crasar:MussettBayouFire,1,0.000055
crasar:Steinhatchee,0,0.993657
crasar:Steinhatchee,0,0.999912
crasar:Steinhatchee,0,0.985423
crasar:Steinhatchee,0,0.992129
crasar:Steinhatchee,0,0.995326
crasar:Steinhatchee,0,0.317785
crasar:Steinhatchee,0,0.999413
crasar:Steinhatchee,0,0.989307
crasar:Steinhatchee,0,0.983667
crasar:Steinhatchee,0,0.999961
crasar:Steinhatchee,0,0.994017
crasar:Steinhatchee,0,0.999918
crasar:Steinhatchee,0,0.654099
crasar:Steinhatchee,0,0.993903
crasar:Steinhatchee,0,0.999941
crasar:Steinhatchee,0,0.999885
crasar:Steinhatchee,0,0.999825
crasar:Steinhatchee,0,0.998971
crasar:Steinhatchee,0,0.999759
crasar:Steinhatchee,0,0.999112
crasar:Steinhatchee,0,0.999995
crasar:Steinhatchee,0,0.889908
crasar:Steinhatchee,0,0.999824
crasar:Steinhatchee,0,0.980028
crasar:Steinhatchee,0,0.997618
crasar:Steinhatchee,0,0.027233
crasar:Steinhatchee,0,0.991188
crasar:Steinhatchee,0,0.998588
crasar:Steinhatchee,0,0.004911
crasar:Steinhatchee,0,0.999412
crasar:Steinhatchee,0,0.999995
crasar:Steinhatchee,0,0.595487
crasar:Steinhatchee,0,0.999478
crasar:Steinhatchee,0,0.328966
crasar:Steinhatchee,0,0.999788
crasar:Steinhatchee,0,0.938895
crasar:Steinhatchee,0,0.995294
crasar:Steinhatchee,0,0.999991
kate_pd:turkiye,0,0.000485
kate_pd:turkiye,0,0.015794
kate_pd:turkiye,0,0.000048
kate_pd:turkiye,0,0.000197
kate_pd:turkiye,0,0.000525
kate_pd:turkiye,0,0.297481
kate_pd:turkiye,0,0.000003
kate_pd:turkiye,0,0.060810
kate_pd:turkiye,0,0.000023
kate_pd:turkiye,0,0.001721
kate_pd:turkiye,0,0.000000
kate_pd:turkiye,0,0.000002
kate_pd:turkiye,0,0.012818
kate_pd:turkiye,0,0.541358
kate_pd:turkiye,0,0.000000
kate_pd:turkiye,0,0.000842
kate_pd:turkiye,0,0.003237
kate_pd:turkiye,0,0.000061
kate_pd:turkiye,0,0.080302
kate_pd:turkiye,0,0.026621
kate_pd:turkiye,0,0.097860
kate_pd:turkiye,0,0.024832
kate_pd:turkiye,0,0.092786
kate_pd:turkiye,0,0.001577
kate_pd:turkiye,0,0.002662
kate_pd:turkiye,0,0.452599
kate_pd:turkiye,0,0.000086
kate_pd:turkiye,0,0.000000
kate_pd:turkiye,0,0.002728
kate_pd:turkiye,0,0.000279
kate_pd:turkiye,0,0.000000
kate_pd:turkiye,0,0.001773
kate_pd:turkiye,0,0.177424
kate_pd:turkiye,0,0.055923
kate_pd:turkiye,0,0.003453
kate_pd:turkiye,0,0.000001
kate_pd:turkiye,0,0.001745
kate_pd:turkiye,0,0.001438
kate_pd:turkiye,0,0.119527
kate_pd:turkiye,0,0.000245
kate_pd:turkiye,0,0.000082
kate_pd:turkiye,0,0.000239
kate_pd:turkiye,0,0.000001
kate_pd:turkiye,0,0.004642
kate_pd:turkiye,0,0.000062
kate_pd:turkiye,0,0.000000
kate_pd:turkiye,0,0.003168
kate_pd:turkiye,0,0.000540
kate_pd:turkiye,0,0.624570
kate_pd:turkiye,0,0.002650
kate_pd:turkiye,0,0.000001
kate_pd:turkiye,0,0.000519
kate_pd:turkiye,0,0.000022
kate_pd:turkiye,0,0.000000
kate_pd:turkiye,0,0.145812
kate_pd:turkiye,0,0.000063
kate_pd:turkiye,0,0.003045
kate_pd:turkiye,0,0.000788
kate_pd:turkiye,0,0.000057
kate_pd:turkiye,0,0.000004
kate_pd:turkiye,0,0.002370
kate_pd:turkiye,0,0.000001
kate_pd:turkiye,0,0.001148
kate_pd:turkiye,0,0.000012
kate_pd:turkiye,0,0.000000
kate_pd:turkiye,0,0.000020
kate_pd:turkiye,0,0.000028
kate_pd:turkiye,0,0.000145
kate_pd:turkiye,0,0.000090
kate_pd:turkiye,0,0.000081
kate_pd:turkiye,0,0.000081
kate_pd:turkiye,0,0.000640
kate_pd:turkiye,0,0.007690
kate_pd:turkiye,0,0.000000
kate_pd:turkiye,0,0.000011
kate_pd:turkiye,0,0.000000
kate_pd:turkiye,0,0.000016
kate_pd:turkiye,0,0.009593
kate_pd:turkiye,0,0.000038
kate_pd:turkiye,0,0.000038
kate_pd:turkiye,0,0.000039
kate_pd:turkiye,0,0.017253
kate_pd:turkiye,0,0.000118
kate_pd:turkiye,0,0.021980
kate_pd:turkiye,0,0.000000
kate_pd:turkiye,0,0.525545
kate_pd:turkiye,0,0.962624
kate_pd:turkiye,0,0.000036
kate_pd:turkiye,0,0.001307
kate_pd:turkiye,0,0.028844
kate_pd:turkiye,0,0.000010
kate_pd:turkiye,0,0.021315
kate_pd:turkiye,0,0.000742
kate_pd:turkiye,0,0.002875
kate_pd:turkiye,0,0.000068
kate_pd:turkiye,0,0.000014
kate_pd:turkiye,0,0.000000
kate_pd:turkiye,0,0.000250
kate_pd:turkiye,0,0.105227
kate_pd:turkiye,0,0.000095
kate_pd:turkiye,0,0.000048
kate_pd:turkiye,0,0.000025
kate_pd:turkiye,0,0.000000
kate_pd:turkiye,0,0.000002
kate_pd:turkiye,0,0.000014
kate_pd:turkiye,0,0.000104
kate_pd:turkiye,0,0.000447
kate_pd:turkiye,0,0.008561
kate_pd:turkiye,0,0.000014
kate_pd:turkiye,0,0.039815
kate_pd:turkiye,0,0.006061
kate_pd:turkiye,0,0.008561
kate_pd:turkiye,0,0.000010
kate_pd:turkiye,0,0.005791
kate_pd:turkiye,0,0.006066
kate_pd:turkiye,0,0.000391
kate_pd:turkiye,0,0.017187
kate_pd:turkiye,0,0.000265
kate_pd:turkiye,0,0.011605
kate_pd:turkiye,0,0.000024
kate_pd:turkiye,0,0.000000
kate_pd:turkiye,0,0.054589
kate_pd:turkiye,0,0.012047
kate_pd:turkiye,0,0.000730
kate_pd:turkiye,0,0.000400
kate_pd:turkiye,0,0.336812
kate_pd:turkiye,0,0.000003
kate_pd:turkiye,0,0.076357
kate_pd:turkiye,0,0.013600
kate_pd:turkiye,0,0.000922
kate_pd:turkiye,0,0.000375
kate_pd:turkiye,0,0.000172
kate_pd:turkiye,0,0.060922
kate_pd:turkiye,0,0.004722
kate_pd:turkiye,0,0.001630
kate_pd:turkiye,0,0.040367
kate_pd:turkiye,0,0.000002
kate_pd:turkiye,0,0.000047
kate_pd:turkiye,0,0.000035
kate_pd:turkiye,0,0.000466
kate_pd:turkiye,0,0.000069
kate_pd:turkiye,0,0.000541
kate_pd:turkiye,0,0.000881
kate_pd:turkiye,0,0.004422
kate_pd:turkiye,0,0.013885
kate_pd:turkiye,0,0.060914
kate_pd:turkiye,0,0.000091
kate_pd:turkiye,0,0.006475
kate_pd:turkiye,0,0.000006
kate_pd:turkiye,0,0.000144
kate_pd:turkiye,0,0.000000
kate_pd:turkiye,0,0.000220
kate_pd:turkiye,0,0.000285
kate_pd:turkiye,0,0.004654
kate_pd:turkiye,0,0.000861
kate_pd:turkiye,0,0.000110
kate_pd:turkiye,0,0.000002
kate_pd:turkiye,0,0.000653
kate_pd:turkiye,0,0.007149
kate_pd:turkiye,0,0.000000
kate_pd:turkiye,0,0.000070
kate_pd:turkiye,0,0.000319
kate_pd:turkiye,0,0.000002
kate_pd:turkiye,0,0.009080
kate_pd:turkiye,0,0.026944
kate_pd:turkiye,0,0.006191
kate_pd:turkiye,0,0.630324
kate_pd:turkiye,0,0.000016
kate_pd:turkiye,0,0.001190
kate_pd:turkiye,0,0.000055
kate_pd:turkiye,0,0.003962
kate_pd:turkiye,0,0.540336
kate_pd:turkiye,0,0.002899
kate_pd:turkiye,0,0.019211
kate_pd:turkiye,0,0.014050
kate_pd:turkiye,0,0.000007
kate_pd:turkiye,0,0.008880
kate_pd:turkiye,0,0.000056
kate_pd:turkiye,0,0.825723
kate_pd:turkiye,0,0.018184
kate_pd:turkiye,0,0.001133
kate_pd:turkiye,0,0.000002
kate_pd:turkiye,0,0.000067
kate_pd:turkiye,0,0.000245
kate_pd:turkiye,0,0.001027
kate_pd:turkiye,0,0.000001
kate_pd:turkiye,0,0.004872
kate_pd:turkiye,0,0.000004
kate_pd:turkiye,0,0.000063
kate_pd:turkiye,0,0.000002
kate_pd:turkiye,0,0.000000
kate_pd:turkiye,0,0.000254
kate_pd:turkiye,0,0.000001
kate_pd:turkiye,0,0.005952
kate_pd:turkiye,0,0.002974
kate_pd:turkiye,0,0.000006
kate_pd:turkiye,0,0.000259
kate_pd:turkiye,0,0.000089
kate_pd:turkiye,0,0.040907
kate_pd:turkiye,0,0.002272
kate_pd:turkiye,0,0.001190
kate_pd:turkiye,0,0.000002
kate_pd:turkiye,0,0.045482
kate_pd:turkiye,0,0.016410
kate_pd:turkiye,0,0.011209
kate_pd:turkiye,0,0.000012
kate_pd:turkiye,0,0.005776
kate_pd:turkiye,0,0.003411
kate_pd:turkiye,0,0.000252
kate_pd:turkiye,0,0.000776
kate_pd:turkiye,0,0.027553
kate_pd:turkiye,0,0.016744
kate_pd:turkiye,0,0.187533
kate_pd:turkiye,0,0.000169
kate_pd:turkiye,0,0.003002
kate_pd:turkiye,0,0.332209
kate_pd:turkiye,0,0.005407
kate_pd:turkiye,0,0.023558
kate_pd:turkiye,0,0.000150
kate_pd:turkiye,0,0.225047
kate_pd:turkiye,0,0.000000
kate_pd:turkiye,0,0.000021
kate_pd:turkiye,0,0.001805
kate_pd:turkiye,0,0.000120
kate_pd:turkiye,0,0.000107
kate_pd:turkiye,0,0.000020
kate_pd:turkiye,0,0.824471
kate_pd:turkiye,0,0.000001
kate_pd:turkiye,0,0.000873
kate_pd:turkiye,0,0.000036
kate_pd:turkiye,0,0.000138
kate_pd:turkiye,0,0.001831
kate_pd:turkiye,0,0.000612
kate_pd:turkiye,0,0.000055
kate_pd:turkiye,0,0.000803
kate_pd:turkiye,0,0.000000
kate_pd:turkiye,0,0.034161
kate_pd:turkiye,0,0.000001
kate_pd:turkiye,0,0.000051
kate_pd:turkiye,0,0.000011
kate_pd:turkiye,0,0.027640
kate_pd:turkiye,0,0.005676
kate_pd:turkiye,0,0.005433
kate_pd:turkiye,0,0.000279
kate_pd:turkiye,0,0.000004
kate_pd:turkiye,0,0.000086
kate_pd:turkiye,0,0.000000
kate_pd:turkiye,0,0.000000
kate_pd:turkiye,0,0.000000
kate_pd:turkiye,0,0.002007
kate_pd:turkiye,0,0.000644
kate_pd:turkiye,0,0.002684
kate_pd:turkiye,0,0.000068
kate_pd:turkiye,0,0.171123
kate_pd:turkiye,0,0.003128
kate_pd:turkiye,0,0.000005
kate_pd:turkiye,0,0.000004
kate_pd:turkiye,0,0.003058
kate_pd:turkiye,0,0.000997
kate_pd:turkiye,0,0.988359
kate_pd:turkiye,0,0.003785
kate_pd:turkiye,0,0.004411
kate_pd:turkiye,0,0.003216
kate_pd:turkiye,0,0.000117
kate_pd:turkiye,0,0.023625
kate_pd:turkiye,0,0.000011
kate_pd:turkiye,0,0.000069
kate_pd:turkiye,0,0.000003
kate_pd:turkiye,0,0.002548
kate_pd:turkiye,0,0.001804
kate_pd:turkiye,0,0.004137
kate_pd:turkiye,0,0.000336
kate_pd:turkiye,0,0.014085
kate_pd:turkiye,0,0.002641
kate_pd:turkiye,0,0.000040
kate_pd:turkiye,0,0.000300
kate_pd:turkiye,0,0.001302
kate_pd:turkiye,0,0.034352
kate_pd:turkiye,0,0.089223
kate_pd:turkiye,0,0.010332
kate_pd:turkiye,0,0.000949
kate_pd:turkiye,0,0.000018
kate_pd:turkiye,0,0.000002
kate_pd:turkiye,0,0.000976
kate_pd:turkiye,0,0.000052
kate_pd:turkiye,0,0.001010
kate_pd:turkiye,0,0.000001
kate_pd:turkiye,0,0.003529
kate_pd:turkiye,0,0.000000
kate_pd:turkiye,0,0.003303
kate_pd:turkiye,0,0.000059
kate_pd:turkiye,0,0.000741
kate_pd:turkiye,0,0.043456
kate_pd:turkiye,0,0.000000
kate_pd:turkiye,0,0.000186
kate_pd:turkiye,0,0.000001
kate_pd:turkiye,0,0.000205
kate_pd:turkiye,0,0.002464
kate_pd:turkiye,0,0.000007
kate_pd:turkiye,0,0.002985
kate_pd:turkiye,0,0.006456
kate_pd:turkiye,0,0.015116
kate_pd:turkiye,0,0.000002
kate_pd:turkiye,0,0.003031
kate_pd:turkiye,0,0.005136
kate_pd:turkiye,0,0.000762
kate_pd:turkiye,0,0.957510
kate_pd:turkiye,0,0.016247
kate_pd:turkiye,0,0.004497
kate_pd:turkiye,0,0.002223
kate_pd:turkiye,0,0.000000
kate_pd:turkiye,0,0.000107
kate_pd:turkiye,0,0.000024
kate_pd:turkiye,0,0.001787
kate_pd:turkiye,0,0.001267
kate_pd:turkiye,0,0.004568
kate_pd:turkiye,0,0.000000
kate_pd:turkiye,0,0.000015
kate_pd:turkiye,0,0.002660
kate_pd:turkiye,0,0.000256
kate_pd:turkiye,0,0.001019
kate_pd:turkiye,0,0.001256
kate_pd:turkiye,0,0.023456
kate_pd:turkiye,0,0.003288
kate_pd:turkiye,0,0.002735
kate_pd:turkiye,0,0.000001
kate_pd:turkiye,0,0.073768
kate_pd:turkiye,0,0.000253
kate_pd:turkiye,0,0.000023
kate_pd:turkiye,0,0.328368
kate_pd:turkiye,0,0.000000
kate_pd:turkiye,0,0.218465
kate_pd:turkiye,0,0.000068
kate_pd:turkiye,0,0.000011
kate_pd:turkiye,0,0.002097
kate_pd:turkiye,0,0.000004
kate_pd:turkiye,0,0.000839
kate_pd:turkiye,0,0.000319
kate_pd:turkiye,0,0.000024
kate_pd:turkiye,0,0.001731
kate_pd:turkiye,0,0.001216
kate_pd:turkiye,0,0.000027
kate_pd:turkiye,0,0.000066
kate_pd:turkiye,0,0.000001
kate_pd:turkiye,0,0.096995
kate_pd:turkiye,0,0.000412
kate_pd:turkiye,0,0.000043
kate_pd:turkiye,0,0.004163
kate_pd:turkiye,0,0.003654
kate_pd:turkiye,0,0.000007
kate_pd:turkiye,0,0.033274
kate_pd:turkiye,0,0.000499
kate_pd:turkiye,0,0.018926
kate_pd:turkiye,0,0.023156
kate_pd:turkiye,0,0.005295
kate_pd:turkiye,0,0.002731
kate_pd:turkiye,0,0.006412
kate_pd:turkiye,0,0.000028
kate_pd:turkiye,0,0.014598
kate_pd:turkiye,0,0.000045
kate_pd:turkiye,0,0.000325
kate_pd:turkiye,0,0.000000
kate_pd:turkiye,0,0.013691
kate_pd:turkiye,0,0.212974
kate_pd:turkiye,0,0.016634
kate_pd:turkiye,0,0.001147
kate_pd:turkiye,0,0.000140
kate_pd:turkiye,0,0.001133
kate_pd:turkiye,0,0.024536
kate_pd:turkiye,0,0.001122
kate_pd:turkiye,0,0.000098
kate_pd:turkiye,0,0.001659
kate_pd:turkiye,0,0.315740
kate_pd:turkiye,0,0.000399
kate_pd:turkiye,0,0.000029
kate_pd:turkiye,0,0.000001
kate_pd:turkiye,0,0.000000
kate_pd:turkiye,0,0.002123
kate_pd:turkiye,0,0.000002
kate_pd:turkiye,0,0.000000
kate_pd:turkiye,0,0.001296
kate_pd:turkiye,0,0.014035
kate_pd:turkiye,0,0.003979
kate_pd:turkiye,0,0.000346
kate_pd:turkiye,0,0.001459
kate_pd:turkiye,0,0.001326
kate_pd:turkiye,0,0.000825
kate_pd:turkiye,0,0.006461
kate_pd:turkiye,0,0.000162
kate_pd:turkiye,0,0.000155
kate_pd:turkiye,0,0.000027
kate_pd:turkiye,0,0.317074
kate_pd:turkiye,0,0.000000
kate_pd:turkiye,0,0.000047
kate_pd:turkiye,0,0.000003
kate_pd:turkiye,0,0.004868
kate_pd:turkiye,0,0.003226
kate_pd:turkiye,0,0.002785
kate_pd:turkiye,0,0.000371
kate_pd:turkiye,0,0.056318
kate_pd:turkiye,0,0.008672
kate_pd:turkiye,0,0.000119
kate_pd:turkiye,0,0.000002
kate_pd:turkiye,0,0.047060
kate_pd:turkiye,0,0.000115
kate_pd:turkiye,0,0.546981
kate_pd:turkiye,0,0.018076
kate_pd:turkiye,0,0.001002
kate_pd:turkiye,0,0.344107
kate_pd:turkiye,0,0.058077
kate_pd:turkiye,0,0.356593
kate_pd:turkiye,0,0.000546
kate_pd:turkiye,0,0.003038
kate_pd:turkiye,0,0.155952
kate_pd:turkiye,0,0.046609
kate_pd:turkiye,0,0.092810
kate_pd:turkiye,0,0.000005
kate_pd:turkiye,0,0.096446
kate_pd:turkiye,0,0.003467
kate_pd:turkiye,0,0.000237
kate_pd:turkiye,0,0.006461
kate_pd:turkiye,0,0.005796
kate_pd:turkiye,0,0.000003
kate_pd:turkiye,0,0.001176
kate_pd:turkiye,0,0.169643
kate_pd:turkiye,0,0.000000
kate_pd:turkiye,0,0.000072
kate_pd:turkiye,0,0.000815
kate_pd:turkiye,0,0.000000
kate_pd:turkiye,0,0.000009
kate_pd:turkiye,0,0.000192
kate_pd:turkiye,0,0.000228
kate_pd:turkiye,0,0.007534
kate_pd:turkiye,0,0.000002
kate_pd:turkiye,0,0.010882
kate_pd:turkiye,0,0.000029
kate_pd:turkiye,0,0.000362
kate_pd:turkiye,0,0.020273
kate_pd:turkiye,0,0.000020
kate_pd:turkiye,0,0.092781
kate_pd:turkiye,0,0.000954
kate_pd:turkiye,0,0.000006
kate_pd:turkiye,0,0.002516
kate_pd:turkiye,0,0.003916
kate_pd:turkiye,0,0.000002
kate_pd:turkiye,0,0.000010
kate_pd:turkiye,0,0.000000
kate_pd:turkiye,0,0.000004
kate_pd:turkiye,0,0.000014
kate_pd:turkiye,0,0.002989
kate_pd:turkiye,0,0.001388
kate_pd:turkiye,0,0.000122
kate_pd:turkiye,0,0.006355
kate_pd:turkiye,0,0.000000
kate_pd:turkiye,0,0.014510
kate_pd:turkiye,0,0.025644
kate_pd:turkiye,0,0.000497
kate_pd:turkiye,0,0.000018
kate_pd:turkiye,0,0.010571
kate_pd:turkiye,0,0.000008
kate_pd:turkiye,0,0.000097
kate_pd:turkiye,0,0.053905
kate_pd:turkiye,0,0.024261
kate_pd:turkiye,0,0.000008
kate_pd:turkiye,0,0.056026
kate_pd:turkiye,0,0.000015
kate_pd:turkiye,0,0.020776
kate_pd:turkiye,0,0.000004
kate_pd:turkiye,0,0.000153
kate_pd:turkiye,0,0.028922
kate_pd:turkiye,0,0.000023
kate_pd:turkiye,0,0.000348
kate_pd:turkiye,0,0.000100
kate_pd:turkiye,0,0.002012
kate_pd:turkiye,0,0.000148
kate_pd:turkiye,0,0.000046
kate_pd:turkiye,0,0.580541
kate_pd:turkiye,0,0.005883
kate_pd:turkiye,0,0.000019
kate_pd:turkiye,0,0.067684
kate_pd:turkiye,0,0.018600
kate_pd:turkiye,0,0.002849
kate_pd:turkiye,0,0.029126
kate_pd:turkiye,0,0.001590
kate_pd:turkiye,0,0.000001
kate_pd:turkiye,0,0.001005
kate_pd:turkiye,0,0.000003
kate_pd:turkiye,0,0.000594
kate_pd:turkiye,0,0.001361
kate_pd:turkiye,0,0.033656
kate_pd:turkiye,0,0.004189
kate_pd:turkiye,0,0.003631
kate_pd:turkiye,0,0.000012
kate_pd:turkiye,0,0.002504
kate_pd:turkiye,0,0.022594
kate_pd:turkiye,0,0.000000
kate_pd:turkiye,0,0.000002
kate_pd:turkiye,0,0.010552
kate_pd:turkiye,0,0.000001
kate_pd:turkiye,0,0.000067
kate_pd:turkiye,0,0.000365
kate_pd:turkiye,0,0.000000
kate_pd:turkiye,0,0.000002
kate_pd:turkiye,0,0.000010
kate_pd:turkiye,0,0.001242
kate_pd:turkiye,0,0.000025
kate_pd:turkiye,0,0.000049
kate_pd:turkiye,0,0.000167
kate_pd:turkiye,0,0.000342
kate_pd:turkiye,0,0.335605
kate_pd:turkiye,0,0.002204
kate_pd:turkiye,0,0.000359
kate_pd:turkiye,0,0.410239
kate_pd:turkiye,0,0.000372
kate_pd:turkiye,0,0.000815
kate_pd:turkiye,0,0.000014
kate_pd:turkiye,0,0.001488
kate_pd:turkiye,0,0.000167
kate_pd:turkiye,0,0.000000
kate_pd:turkiye,0,0.000002
kate_pd:turkiye,0,0.000148
kate_pd:turkiye,0,0.002563
kate_pd:turkiye,0,0.005440
kate_pd:turkiye,0,0.000001
kate_pd:turkiye,0,0.000123
kate_pd:turkiye,0,0.016950
kate_pd:turkiye,0,0.000002
kate_pd:turkiye,0,0.002288
kate_pd:turkiye,0,0.000011
kate_pd:turkiye,0,0.000016
kate_pd:turkiye,0,0.005135
kate_pd:turkiye,0,0.000193
kate_pd:turkiye,0,0.000001
kate_pd:turkiye,0,0.000430
kate_pd:turkiye,0,0.000026
kate_pd:turkiye,0,0.000783
kate_pd:turkiye,0,0.000000
kate_pd:turkiye,0,0.000026
kate_pd:turkiye,0,0.000025
kate_pd:turkiye,0,0.000033
kate_pd:turkiye,0,0.420979
kate_pd:turkiye,0,0.000009
kate_pd:turkiye,0,0.000019
kate_pd:turkiye,0,0.000040
kate_pd:turkiye,0,0.001263
kate_pd:turkiye,0,0.000533
kate_pd:turkiye,0,0.041088
kate_pd:turkiye,0,0.013248
kate_pd:turkiye,0,0.005272
kate_pd:turkiye,0,0.000006
kate_pd:turkiye,0,0.004773
kate_pd:turkiye,0,0.000000
kate_pd:turkiye,0,0.064980
kate_pd:turkiye,0,0.000374
kate_pd:turkiye,0,0.000010
kate_pd:turkiye,0,0.000343
kate_pd:turkiye,0,0.005341
kate_pd:turkiye,0,0.000421
kate_pd:turkiye,0,0.091469
kate_pd:turkiye,0,0.014430
kate_pd:turkiye,0,0.000070
kate_pd:turkiye,0,0.000255
kate_pd:turkiye,0,0.000136
kate_pd:turkiye,0,0.002334
kate_pd:turkiye,0,0.000010
kate_pd:turkiye,0,0.003643
kate_pd:turkiye,0,0.243511
kate_pd:turkiye,0,0.001467
kate_pd:turkiye,0,0.001958
kate_pd:turkiye,0,0.000239
kate_pd:turkiye,0,0.566353
kate_pd:turkiye,0,0.091537
kate_pd:turkiye,0,0.000000
kate_pd:turkiye,0,0.011599
kate_pd:turkiye,0,0.001724
kate_pd:turkiye,0,0.000001
kate_pd:turkiye,0,0.000165
kate_pd:turkiye,0,0.005339
kate_pd:turkiye,0,0.000479
kate_pd:turkiye,0,0.063119
kate_pd:turkiye,0,0.001889
kate_pd:turkiye,0,0.767302
kate_pd:turkiye,0,0.000662
kate_pd:turkiye,0,0.000076
kate_pd:turkiye,0,0.001333
kate_pd:turkiye,0,0.000195
kate_pd:turkiye,0,0.028321
kate_pd:turkiye,0,0.001182
kate_pd:turkiye,0,0.000101
kate_pd:turkiye,0,0.025296
kate_pd:turkiye,0,0.000008
kate_pd:turkiye,0,0.006240
kate_pd:turkiye,0,0.000202
kate_pd:turkiye,0,0.000658
kate_pd:turkiye,0,0.000003
kate_pd:turkiye,0,0.000001
kate_pd:turkiye,0,0.002169
kate_pd:turkiye,0,0.000295
kate_pd:turkiye,0,0.000002
kate_pd:turkiye,0,0.011060
kate_pd:turkiye,0,0.470635
kate_pd:turkiye,0,0.000460
kate_pd:turkiye,0,0.004745
kate_pd:turkiye,0,0.000000
kate_pd:turkiye,0,0.000015
kate_pd:turkiye,0,0.000001
kate_pd:turkiye,0,0.027561
kate_pd:turkiye,0,0.000000
kate_pd:turkiye,0,0.012602
kate_pd:turkiye,0,0.000018
kate_pd:turkiye,0,0.006480
kate_pd:turkiye,0,0.000000
kate_pd:turkiye,0,0.002290
kate_pd:turkiye,0,0.000096
kate_pd:turkiye,0,0.000000
kate_pd:turkiye,0,0.014661
kate_pd:turkiye,0,0.037044
kate_pd:turkiye,0,0.000026
kate_pd:turkiye,0,0.000317
kate_pd:turkiye,0,0.002034
kate_pd:turkiye,0,0.000000
kate_pd:turkiye,0,0.019290
kate_pd:turkiye,0,0.003803
kate_pd:turkiye,0,0.000302
kate_pd:turkiye,0,0.000010
kate_pd:turkiye,0,0.018783
kate_pd:turkiye,0,0.000000
kate_pd:turkiye,0,0.001056
kate_pd:turkiye,0,0.001534
kate_pd:turkiye,0,0.000169
kate_pd:turkiye,0,0.232152
kate_pd:turkiye,0,0.000028
kate_pd:turkiye,0,0.000066
kate_pd:turkiye,0,0.001887
kate_pd:turkiye,0,0.000029
kate_pd:turkiye,0,0.000087
kate_pd:turkiye,0,0.000109
kate_pd:turkiye,0,0.005604
kate_pd:turkiye,0,0.000015
kate_pd:turkiye,0,0.002491
kate_pd:turkiye,0,0.004807
kate_pd:turkiye,0,0.048189
kate_pd:turkiye,0,0.000006
kate_pd:turkiye,0,0.000004
kate_pd:turkiye,0,0.000031
kate_pd:turkiye,0,0.000052
kate_pd:turkiye,0,0.003685
kate_pd:turkiye,0,0.000204
kate_pd:turkiye,0,0.020821
kate_pd:turkiye,0,0.000035
kate_pd:turkiye,0,0.050022
kate_pd:turkiye,0,0.000035
kate_pd:turkiye,0,0.012055
kate_pd:turkiye,0,0.220671
kate_pd:turkiye,0,0.084863
kate_pd:turkiye,0,0.000078
kate_pd:turkiye,0,0.032323
kate_pd:turkiye,0,0.000048
kate_pd:turkiye,0,0.000186
kate_pd:turkiye,0,0.001715
kate_pd:turkiye,0,0.000002
kate_pd:turkiye,0,0.059931
kate_pd:turkiye,0,0.000014
kate_pd:turkiye,0,0.000005
kate_pd:turkiye,0,0.000121
kate_pd:turkiye,0,0.000455
kate_pd:turkiye,0,0.000102
kate_pd:turkiye,0,0.000169
kate_pd:turkiye,0,0.000002
kate_pd:turkiye,0,0.000035
kate_pd:turkiye,0,0.003294
kate_pd:turkiye,0,0.030423
kate_pd:turkiye,0,0.001376
kate_pd:turkiye,0,0.000000
kate_pd:turkiye,0,0.000004
rescuenet:huracan,0,0.124915
rescuenet:huracan,0,1.000000
rescuenet:huracan,0,0.997222
rescuenet:huracan,0,0.002788
rescuenet:huracan,0,0.886446
rescuenet:huracan,0,0.868087
rescuenet:huracan,0,0.982991
rescuenet:huracan,0,0.003372
rescuenet:huracan,0,0.989415
rescuenet:huracan,0,0.999605
rescuenet:huracan,0,0.000025
rescuenet:huracan,0,0.000362
rescuenet:huracan,0,0.947411
rescuenet:huracan,0,0.763870
rescuenet:huracan,0,0.854863
rescuenet:huracan,0,0.998113
rescuenet:huracan,0,0.041954
rescuenet:huracan,0,0.000372
rescuenet:huracan,0,0.996418
rescuenet:huracan,0,0.009109
rescuenet:huracan,0,0.721967
rescuenet:huracan,0,0.096603
rescuenet:huracan,0,0.389201
rescuenet:huracan,0,0.999772
rescuenet:huracan,0,0.892014
rescuenet:huracan,0,0.077383
rescuenet:huracan,0,0.591046
rescuenet:huracan,0,0.976703
rescuenet:huracan,0,0.976288
rescuenet:huracan,0,0.024057
rescuenet:huracan,0,0.888238
rescuenet:huracan,0,0.076842
rescuenet:huracan,0,0.085287
rescuenet:huracan,0,0.975361
rescuenet:huracan,0,0.997455
rescuenet:huracan,0,0.990469
rescuenet:huracan,0,0.094308
rescuenet:huracan,0,0.035405
rescuenet:huracan,0,0.049534
rescuenet:huracan,0,0.959967
rescuenet:huracan,0,0.843990
rescuenet:huracan,0,0.999784
rescuenet:huracan,0,0.743052
rescuenet:huracan,0,0.999778
rescuenet:huracan,0,0.386082
rescuenet:huracan,0,0.995077
rescuenet:huracan,0,0.983704
rescuenet:huracan,0,0.686727
rescuenet:huracan,0,0.058127
rescuenet:huracan,0,0.999977
rescuenet:huracan,0,0.000015
rescuenet:huracan,0,0.013081
rescuenet:huracan,0,0.544058
rescuenet:huracan,0,0.991384
rescuenet:huracan,0,0.255032
rescuenet:huracan,0,0.010103
rescuenet:huracan,0,0.363666
rescuenet:huracan,0,0.982305
rescuenet:huracan,0,0.189387
rescuenet:huracan,0,0.043761
rescuenet:huracan,0,0.036210
rescuenet:huracan,0,0.027428
rescuenet:huracan,0,0.007641
rescuenet:huracan,0,0.527904
rescuenet:huracan,0,0.000284
rescuenet:huracan,0,0.918894
rescuenet:huracan,0,0.935427
rescuenet:huracan,0,0.999841
rescuenet:huracan,0,0.999948
rescuenet:huracan,0,0.221464
rescuenet:huracan,0,0.997626
rescuenet:huracan,0,0.682850
rescuenet:huracan,0,0.979049
rescuenet:huracan,0,0.999345
rescuenet:huracan,0,0.927309
rescuenet:huracan,0,0.044585
rescuenet:huracan,0,0.997954
rescuenet:huracan,0,0.031372
rescuenet:huracan,0,0.519552
rescuenet:huracan,0,0.997926
rescuenet:huracan,0,0.982176
rescuenet:huracan,0,0.968765
rescuenet:huracan,0,0.293059
rescuenet:huracan,0,0.007764
rescuenet:huracan,0,0.074071
rescuenet:huracan,0,0.009963
rescuenet:huracan,0,0.942603
rescuenet:huracan,0,0.023270
rescuenet:huracan,0,0.009895
rescuenet:huracan,0,0.071525
rescuenet:huracan,0,0.174978
rescuenet:huracan,0,0.368773
rescuenet:huracan,0,0.057654
rescuenet:huracan,0,0.415507
rescuenet:huracan,0,0.091696
rescuenet:huracan,0,0.998363
rescuenet:huracan,0,0.709942
rescuenet:huracan,0,0.990633
rescuenet:huracan,0,0.999818
rescuenet:huracan,0,0.058420
rescuenet:huracan,0,0.030684
rescuenet:huracan,0,0.020758
rescuenet:huracan,0,0.025977
rescuenet:huracan,0,0.051734
rescuenet:huracan,0,0.843435
rescuenet:huracan,0,0.008502
rescuenet:huracan,0,0.127190
rescuenet:huracan,0,0.216058
rescuenet:huracan,0,0.997892
rescuenet:huracan,0,0.732012
rescuenet:huracan,0,0.999456
rescuenet:huracan,0,0.999970
rescuenet:huracan,0,0.999868
rescuenet:huracan,0,0.312073
rescuenet:huracan,0,0.999968
rescuenet:huracan,0,0.976667
rescuenet:huracan,0,0.175624
rescuenet:huracan,0,0.430863
rescuenet:huracan,0,0.999961
rescuenet:huracan,0,0.959205
rescuenet:huracan,0,0.816737
rescuenet:huracan,0,0.276409
rescuenet:huracan,0,0.991857
rescuenet:huracan,0,0.155995
rescuenet:huracan,0,0.003486
rescuenet:huracan,0,0.367410
rescuenet:huracan,0,0.024340
rescuenet:huracan,0,0.079252
rescuenet:huracan,0,0.098289
rescuenet:huracan,0,0.274432
rescuenet:huracan,0,0.916167
rescuenet:huracan,0,0.969907
rescuenet:huracan,0,0.946749
rescuenet:huracan,0,0.206047
rescuenet:huracan,0,0.075202
rescuenet:huracan,0,0.071354
rescuenet:huracan,0,0.719316
rescuenet:huracan,0,0.940478
rescuenet:huracan,0,0.123779
rescuenet:huracan,0,0.999986
rescuenet:huracan,0,0.545185
rescuenet:huracan,0,0.256927
rescuenet:huracan,0,0.011315
rescuenet:huracan,0,0.994183
rescuenet:huracan,0,0.641923
rescuenet:huracan,0,0.105381
rescuenet:huracan,0,0.007235
rescuenet:huracan,0,0.376113
rescuenet:huracan,0,0.685389
rescuenet:huracan,0,0.902217
rescuenet:huracan,0,0.999992
rescuenet:huracan,0,0.004055
rescuenet:huracan,0,0.679415
rescuenet:huracan,0,0.956069
rescuenet:huracan,0,0.008613
rescuenet:huracan,0,0.989939
rescuenet:huracan,0,0.386824
rescuenet:huracan,0,0.014809
rescuenet:huracan,0,0.947197
rescuenet:huracan,0,0.999521
rescuenet:huracan,0,0.000575
rescuenet:huracan,0,0.265789
rescuenet:huracan,0,0.536805
rescuenet:huracan,0,0.796374
rescuenet:huracan,0,0.166691
rescuenet:huracan,0,0.913112
rescuenet:huracan,0,0.193928
rescuenet:huracan,0,0.223365
rescuenet:huracan,0,0.991942
rescuenet:huracan,0,0.852143
rescuenet:huracan,0,0.999730
rescuenet:huracan,0,0.826906
rescuenet:huracan,0,0.859300
rescuenet:huracan,0,0.322786
rescuenet:huracan,0,0.001764
rescuenet:huracan,0,0.615523
rescuenet:huracan,0,0.011163
rescuenet:huracan,0,0.003183
rescuenet:huracan,0,0.009489
rescuenet:huracan,0,0.999987
rescuenet:huracan,0,0.110316
rescuenet:huracan,0,0.051234
rescuenet:huracan,0,0.020604
rescuenet:huracan,0,0.970719
rescuenet:huracan,0,0.998813
rescuenet:huracan,0,0.079652
rescuenet:huracan,0,0.818495
rescuenet:huracan,0,0.999425
rescuenet:huracan,0,0.996750
rescuenet:huracan,0,0.010125
rescuenet:huracan,0,0.472045
rescuenet:huracan,0,0.000746
rescuenet:huracan,0,0.999582
rescuenet:huracan,0,0.018910
rescuenet:huracan,0,0.947138
rescuenet:huracan,0,0.026565
rescuenet:huracan,0,0.272551
rescuenet:huracan,0,0.022077
rescuenet:huracan,0,0.007627
rescuenet:huracan,0,0.000387
rescuenet:huracan,0,0.424561
rescuenet:huracan,0,0.999826
rescuenet:huracan,0,0.999864
rescuenet:huracan,0,0.288472
rescuenet:huracan,0,0.831810
rescuenet:huracan,0,0.717567
rescuenet:huracan,0,0.184120
rescuenet:huracan,0,0.576790
rescuenet:huracan,0,0.034108
rescuenet:huracan,0,0.085566
rescuenet:huracan,0,0.041241
rescuenet:huracan,0,0.994853
rescuenet:huracan,0,0.018974
rescuenet:huracan,0,0.998257
rescuenet:huracan,0,0.999999
rescuenet:huracan,0,0.908647
rescuenet:huracan,0,0.336638
rescuenet:huracan,0,0.555647
rescuenet:huracan,0,0.775910
rescuenet:huracan,0,0.252246
rescuenet:huracan,0,0.999972
rescuenet:huracan,0,0.142868
rescuenet:huracan,0,0.972414
rescuenet:huracan,0,0.999980
rescuenet:huracan,0,0.999949
rescuenet:huracan,0,0.990741
rescuenet:huracan,0,0.998247
rescuenet:huracan,0,0.036720
rescuenet:huracan,0,0.992941
rescuenet:huracan,0,0.038992
rescuenet:huracan,0,0.004206
rescuenet:huracan,0,0.998010
rescuenet:huracan,0,0.071280
rescuenet:huracan,0,0.999400
rescuenet:huracan,0,0.920070
rescuenet:huracan,0,0.956454
rescuenet:huracan,0,0.718748
rescuenet:huracan,0,0.992686
rescuenet:huracan,0,0.271743
rescuenet:huracan,0,0.838359
rescuenet:huracan,0,0.359724
rescuenet:huracan,0,0.997149
rescuenet:huracan,0,0.000051
rescuenet:huracan,0,0.053859
rescuenet:huracan,0,0.999918
rescuenet:huracan,0,0.033886
rescuenet:huracan,0,0.998193
rescuenet:huracan,0,0.327584
rescuenet:huracan,0,0.062241
rescuenet:huracan,0,0.952011
rescuenet:huracan,0,0.098952
rescuenet:huracan,0,0.081923
rescuenet:huracan,0,0.645762
rescuenet:huracan,0,0.100311
rescuenet:huracan,0,1.000000
rescuenet:huracan,0,0.479792
rescuenet:huracan,0,0.014973
rescuenet:huracan,0,0.646561
rescuenet:huracan,0,0.999740
rescuenet:huracan,0,0.998318
rescuenet:huracan,0,0.886472
rescuenet:huracan,0,0.995596
rescuenet:huracan,0,0.066805
rescuenet:huracan,0,0.976058
rescuenet:huracan,0,0.995966
rescuenet:huracan,0,0.999655
rescuenet:huracan,0,0.003608
rescuenet:huracan,0,0.999906
rescuenet:huracan,0,0.918421
rescuenet:huracan,0,0.995870
rescuenet:huracan,0,0.002590
rescuenet:huracan,0,0.019711
rescuenet:huracan,0,0.000450
rescuenet:huracan,0,0.457102
rescuenet:huracan,0,0.050435
rescuenet:huracan,0,0.011665
rescuenet:huracan,0,0.292120
rescuenet:huracan,0,1.000000
rescuenet:huracan,0,0.999998
rescuenet:huracan,0,0.078819
rescuenet:huracan,0,0.955946
rescuenet:huracan,0,0.862100
rescuenet:huracan,0,0.993779
rescuenet:huracan,0,0.998815
rescuenet:huracan,0,0.749229
rescuenet:huracan,0,0.044057
rescuenet:huracan,0,0.994400
rescuenet:huracan,0,0.049033
rescuenet:huracan,0,0.999224
rescuenet:huracan,0,0.995908
rescuenet:huracan,0,0.998885
rescuenet:huracan,0,0.000456
rescuenet:huracan,0,0.979695
rescuenet:huracan,0,0.944623
rescuenet:huracan,0,0.994232
rescuenet:huracan,0,0.002227
rescuenet:huracan,0,0.998415
rescuenet:huracan,0,0.703603
rescuenet:huracan,0,0.024951
rescuenet:huracan,0,0.204434
rescuenet:huracan,0,0.871863
rescuenet:huracan,0,0.847991
rescuenet:huracan,0,0.985102
rescuenet:huracan,0,0.262547
rescuenet:huracan,0,0.879250
rescuenet:huracan,0,0.841411
rescuenet:huracan,0,0.794991
rescuenet:huracan,0,0.017329
rescuenet:huracan,0,0.994910
rescuenet:huracan,0,0.001681
rescuenet:huracan,0,0.814183
rescuenet:huracan,0,0.468779
rescuenet:huracan,0,0.006650
rescuenet:huracan,0,0.999701
rescuenet:huracan,0,0.999878
rescuenet:huracan,0,0.872074
rescuenet:huracan,0,0.999982
rescuenet:huracan,0,0.997161
rescuenet:huracan,0,0.994489
rescuenet:huracan,0,0.021532
rescuenet:huracan,0,0.169487
rescuenet:huracan,0,0.951017
rescuenet:huracan,0,0.649569
rescuenet:huracan,0,0.380515
rescuenet:huracan,0,0.003148
rescuenet:huracan,0,0.000608
rescuenet:huracan,0,0.051755
rescuenet:huracan,0,0.386421
rescuenet:huracan,0,0.078623
rescuenet:huracan,0,0.948696
rescuenet:huracan,0,0.995961
rescuenet:huracan,0,0.999998
rescuenet:huracan,0,0.999015
rescuenet:huracan,0,0.993415
rescuenet:huracan,0,0.137377
rescuenet:huracan,0,0.265990
rescuenet:huracan,0,0.548259
rescuenet:huracan,0,0.956934
rescuenet:huracan,0,0.760899
rescuenet:huracan,0,0.405688
rescuenet:huracan,0,0.359849
rescuenet:huracan,0,0.022214
rescuenet:huracan,0,0.056166
rescuenet:huracan,0,0.994195
rescuenet:huracan,0,0.427475
rescuenet:huracan,0,0.779493
rescuenet:huracan,0,0.999879
rescuenet:huracan,0,0.988855
rescuenet:huracan,0,0.015235
rescuenet:huracan,0,0.000222
rescuenet:huracan,0,0.296966
rescuenet:huracan,0,0.088851
rescuenet:huracan,0,0.469906
rescuenet:huracan,0,0.017041
rescuenet:huracan,0,0.328977
rescuenet:huracan,0,0.593481
rescuenet:huracan,0,0.050246
rescuenet:huracan,0,0.942483
rescuenet:huracan,0,0.025401
rescuenet:huracan,0,0.948787
rescuenet:huracan,0,0.999341
rescuenet:huracan,0,0.767919
rescuenet:huracan,0,0.980627
rescuenet:huracan,0,0.625615
rescuenet:huracan,0,0.997095
rescuenet:huracan,0,0.006789
rescuenet:huracan,0,0.997555
rescuenet:huracan,0,0.020491
rescuenet:huracan,0,0.065049
rescuenet:huracan,0,0.003841
rescuenet:huracan,0,0.999861
rescuenet:huracan,0,0.190062
rescuenet:huracan,0,0.925254
rescuenet:huracan,0,0.999414
rescuenet:huracan,0,0.179659
rescuenet:huracan,0,0.436939
rescuenet:huracan,0,0.231744
rescuenet:huracan,0,0.999998
rescuenet:huracan,0,0.996964
rescuenet:huracan,0,0.006571
rescuenet:huracan,0,0.113162
rescuenet:huracan,0,0.974626
rescuenet:huracan,0,1.000000
rescuenet:huracan,0,0.907630
rescuenet:huracan,0,0.370741
rescuenet:huracan,0,0.994954
rescuenet:huracan,0,0.992216
rescuenet:huracan,0,0.001629
rescuenet:huracan,0,0.042546
rescuenet:huracan,0,0.672688
rescuenet:huracan,0,0.006237
rescuenet:huracan,0,0.963989
rescuenet:huracan,0,0.999957
rescuenet:huracan,0,0.989630
rescuenet:huracan,0,0.999379
rescuenet:huracan,0,0.264834
rescuenet:huracan,0,0.999996
rescuenet:huracan,0,0.030022
rescuenet:huracan,0,0.970192
rescuenet:huracan,0,0.999867
rescuenet:huracan,0,0.465846
rescuenet:huracan,0,0.967001
rescuenet:huracan,0,0.001393
rescuenet:huracan,0,0.919754
rescuenet:huracan,0,0.217941
rescuenet:huracan,0,0.239983
rescuenet:huracan,0,0.902373
rescuenet:huracan,0,0.999997
rescuenet:huracan,0,0.999843
rescuenet:huracan,0,0.095464
rescuenet:huracan,0,0.859931
rescuenet:huracan,0,0.266637
rescuenet:huracan,0,0.322236
rescuenet:huracan,0,0.891781
rescuenet:huracan,0,0.999999
rescuenet:huracan,0,0.993122
rescuenet:huracan,0,0.998164
rescuenet:huracan,0,0.891075
rescuenet:huracan,0,0.994375
rescuenet:huracan,0,0.635699
rescuenet:huracan,0,0.999043
rescuenet:huracan,0,0.999800
rescuenet:huracan,0,0.994586
rescuenet:huracan,0,0.721567
rescuenet:huracan,0,0.003391
rescuenet:huracan,0,0.250705
rescuenet:huracan,0,0.999999
rescuenet:huracan,0,0.776998
rescuenet:huracan,0,0.998749
rescuenet:huracan,0,0.011521
rescuenet:huracan,0,0.237254
rescuenet:huracan,0,0.878497
rescuenet:huracan,0,0.963912
rescuenet:huracan,0,0.080513
rescuenet:huracan,0,0.914448
rescuenet:huracan,0,0.958616
rescuenet:huracan,0,0.398589
rescuenet:huracan,0,0.998114
rescuenet:huracan,0,0.000555
rescuenet:huracan,0,0.036431
rescuenet:huracan,0,0.998298
rescuenet:huracan,0,0.988597
rescuenet:huracan,0,0.284407
rescuenet:huracan,0,0.016340
rescuenet:huracan,0,0.300515
rescuenet:huracan,0,0.007093
rescuenet:huracan,0,0.988214
rescuenet:huracan,0,0.999093
rescuenet:huracan,0,0.325092
rescuenet:huracan,0,0.708641
rescuenet:huracan,0,0.892897
rescuenet:huracan,0,0.954570
rescuenet:huracan,0,0.794500
rescuenet:huracan,0,0.859475
rescuenet:huracan,0,0.174659
rescuenet:huracan,0,0.902901
rescuenet:huracan,0,0.007659
rescuenet:huracan,0,0.036203
rescuenet:huracan,0,0.997107
rescuenet:huracan,0,0.740465
rescuenet:huracan,0,0.796150
rescuenet:huracan,0,0.037778
rescuenet:huracan,0,0.000838
rescuenet:huracan,0,0.763046
rescuenet:huracan,0,0.999955
rescuenet:huracan,0,0.000871
rescuenet:huracan,0,0.000536
rescuenet:huracan,0,0.074992
rescuenet:huracan,0,0.007680
rescuenet:huracan,0,0.152802
rescuenet:huracan,0,0.999248
rescuenet:huracan,0,0.998400
rescuenet:huracan,0,0.884008
rescuenet:huracan,0,0.623857
rescuenet:huracan,0,0.998520
rescuenet:huracan,0,0.295873
rescuenet:huracan,0,0.334910
rescuenet:huracan,0,0.995862
rescuenet:huracan,0,0.999876
rescuenet:huracan,0,0.387383
rescuenet:huracan,0,0.112865
rescuenet:huracan,0,0.580195
rescuenet:huracan,0,0.036422
rescuenet:huracan,0,0.193339
rescuenet:huracan,0,0.014280
rescuenet:huracan,0,0.266576
rescuenet:huracan,0,0.996101
rescuenet:huracan,0,0.335760
rescuenet:huracan,0,0.919601
rescuenet:huracan,0,0.112111
rescuenet:huracan,0,0.427730
rescuenet:huracan,0,0.133540
rescuenet:huracan,0,0.945662
rescuenet:huracan,0,0.999964
rescuenet:huracan,0,0.001876
rescuenet:huracan,0,0.616922
rescuenet:huracan,0,1.000000
rescuenet:huracan,0,0.160472
rescuenet:huracan,0,0.095167
rescuenet:huracan,0,0.997740
rescuenet:huracan,0,0.483384
rescuenet:huracan,0,0.954135
rescuenet:huracan,0,0.995578
rescuenet:huracan,0,0.978427
rescuenet:huracan,0,0.853352
rescuenet:huracan,0,0.987463
rescuenet:huracan,0,0.645721
rescuenet:huracan,0,0.902704
rescuenet:huracan,0,0.999997
rescuenet:huracan,0,0.976790
rescuenet:huracan,0,0.752140
rescuenet:huracan,0,0.860801
rescuenet:huracan,0,0.438065
rescuenet:huracan,0,0.599195
rescuenet:huracan,0,0.004301
rescuenet:huracan,0,0.037913
rescuenet:huracan,0,0.518090
rescuenet:huracan,0,0.891953
rescuenet:huracan,0,0.484797
rescuenet:huracan,0,0.982212
rescuenet:huracan,0,0.999995
rescuenet:huracan,0,0.933152
rescuenet:huracan,0,0.994359
rescuenet:huracan,0,0.261610
rescuenet:huracan,0,0.005387
rescuenet:huracan,0,0.999527
rescuenet:huracan,0,0.013177
rescuenet:huracan,0,0.995394
rescuenet:huracan,0,0.253431
rescuenet:huracan,0,0.172035
rescuenet:huracan,0,0.040957
rescuenet:huracan,0,0.999985
rescuenet:huracan,0,0.315672
rescuenet:huracan,0,0.883711
rescuenet:huracan,0,0.999859
rescuenet:huracan,0,0.588517
rescuenet:huracan,0,0.877047
rescuenet:huracan,0,0.997988
rescuenet:huracan,0,0.996127
rescuenet:huracan,0,0.541069
rescuenet:huracan,0,0.038399
rescuenet:huracan,0,0.058250
rescuenet:huracan,0,0.047732
rescuenet:huracan,0,0.584946
rescuenet:huracan,0,0.999804
rescuenet:huracan,0,0.999996
rescuenet:huracan,0,0.833843
rescuenet:huracan,0,0.998299
rescuenet:huracan,0,0.415222
rescuenet:huracan,0,0.036728
rescuenet:huracan,0,0.798226
rescuenet:huracan,0,0.999763
rescuenet:huracan,0,0.013493
rescuenet:huracan,0,0.250496
rescuenet:huracan,0,0.019882
rescuenet:huracan,0,0.986252
rescuenet:huracan,0,0.024972
rescuenet:huracan,0,0.000738
rescuenet:huracan,0,0.999397
rescuenet:huracan,0,0.779499
rescuenet:huracan,0,0.894389
rescuenet:huracan,0,0.003360
rescuenet:huracan,0,0.002928
rescuenet:huracan,0,0.002398
rescuenet:huracan,0,0.992193
rescuenet:huracan,0,0.998689
rescuenet:huracan,0,0.931195
rescuenet:huracan,0,0.070860
rescuenet:huracan,0,0.006003
rescuenet:huracan,0,0.472040
rescuenet:huracan,0,0.993275
rescuenet:huracan,0,0.194511
rescuenet:huracan,0,0.977586
rescuenet:huracan,0,0.481448
rescuenet:huracan,0,0.999963
rescuenet:huracan,0,0.974393
rescuenet:huracan,0,0.906744
rescuenet:huracan,0,0.430994
rescuenet:huracan,0,0.014901
rescuenet:huracan,0,0.298379
rescuenet:huracan,0,0.999797
rescuenet:huracan,0,0.025191
rescuenet:huracan,0,0.999895
rescuenet:huracan,0,0.002552
rescuenet:huracan,0,0.996912
rescuenet:huracan,0,0.990487
rescuenet:huracan,0,0.993017
rescuenet:huracan,0,0.903792
rescuenet:huracan,0,0.998665
rescuenet:huracan,0,0.994668
rescuenet:huracan,0,0.979720
rescuenet:huracan,0,0.999447
rescuenet:huracan,0,0.034983
rescuenet:huracan,0,0.999999
rescuenet:huracan,0,0.926088
rescuenet:huracan,0,0.999996
rescuenet:huracan,0,0.999264
rescuenet:huracan,0,0.998090
rescuenet:huracan,0,0.999835
rescuenet:huracan,0,0.005777
rescuenet:huracan,0,0.996021
rescuenet:huracan,0,0.766682
rescuenet:huracan,0,0.000012
rescuenet:huracan,0,0.999496
rescuenet:huracan,0,0.336251
rescuenet:huracan,0,0.010376
rescuenet:huracan,0,0.994756
rescuenet:huracan,0,0.176536
rescuenet:huracan,0,0.007821
rescuenet:huracan,0,0.951441
rescuenet:huracan,0,0.995793
rescuenet:huracan,0,0.974581
rescuenet:huracan,0,0.205688
rescuenet:huracan,0,0.995421
rescuenet:huracan,0,0.957856
rescuenet:huracan,0,0.612254
rescuenet:huracan,0,0.991241
rescuenet:huracan,0,0.215261
rescuenet:huracan,0,0.998395
rescuenet:huracan,0,0.304214
rescuenet:huracan,0,0.736808
rescuenet:huracan,0,0.705622
rescuenet:huracan,0,0.999996
rescuenet:huracan,0,0.999299
rescuenet:huracan,0,0.189134
rescuenet:huracan,0,0.968833
rescuenet:huracan,0,0.561907
rescuenet:huracan,0,0.999185
rescuenet:huracan,0,0.005515
rescuenet:huracan,0,0.002299
rescuenet:huracan,0,0.000021
rescuenet:huracan,0,0.820782
rescuenet:huracan,0,0.998217
rescuenet:huracan,0,0.999964
rescuenet:huracan,0,0.999220
rescuenet:huracan,0,0.209216
rescuenet:huracan,0,0.994137
rescuenet:huracan,0,0.999890
rescuenet:huracan,0,0.962422
rescuenet:huracan,0,0.001419
rescuenet:huracan,0,0.090064
rescuenet:huracan,0,0.077147
rescuenet:huracan,0,0.995949
rescuenet:huracan,0,0.852255
rescuenet:huracan,0,0.942241
rescuenet:huracan,0,0.959066
rescuenet:huracan,0,0.017301
rescuenet:huracan,0,0.005717
rescuenet:huracan,0,0.997294
rescuenet:huracan,0,0.523313
rescuenet:huracan,0,0.324561
rescuenet:huracan,0,0.007280
rescuenet:huracan,0,0.297497
rescuenet:huracan,0,0.807766
rescuenet:huracan,0,0.003595
rescuenet:huracan,0,0.026891
rescuenet:huracan,0,0.934284
rescuenet:huracan,0,0.686084
rescuenet:huracan,0,0.805680
rescuenet:huracan,0,0.033813
rescuenet:huracan,0,0.000015
rescuenet:huracan,0,0.010835
rescuenet:huracan,0,0.991677
rescuenet:huracan,0,0.004109
rescuenet:huracan,0,0.936065
rescuenet:huracan,0,0.997889
rescuenet:huracan,0,0.135461
rescuenet:huracan,0,0.265243
rescuenet:huracan,0,0.041509
rescuenet:huracan,0,0.989680
rescuenet:huracan,0,0.467073
rescuenet:huracan,0,0.458525
rescuenet:huracan,0,0.005052
rescuenet:huracan,0,0.829762
rescuenet:huracan,0,0.004939
rescuenet:huracan,0,0.810378
rescuenet:huracan,0,0.944270
rescuenet:huracan,0,0.999999
rescuenet:huracan,0,0.940458
rescuenet:huracan,0,0.854087
rescuenet:huracan,0,0.074998
rescuenet:huracan,0,0.011785
rescuenet:huracan,0,0.602688
rescuenet:huracan,0,0.990775
rescuenet:huracan,0,0.014718
rescuenet:huracan,0,0.044258
rescuenet:huracan,0,0.348546
rescuenet:huracan,0,0.000012
rescuenet:huracan,0,0.914519
rescuenet:huracan,0,0.433511
rescuenet:huracan,0,0.261320
rescuenet:huracan,0,0.799083
rescuenet:huracan,0,0.329072
rescuenet:huracan,0,0.995560
rescuenet:huracan,0,0.934657
rescuenet:huracan,0,0.994574
rescuenet:huracan,0,0.050670
rescuenet:huracan,0,0.998185
rescuenet:huracan,0,0.023887
rescuenet:huracan,0,0.999713
rescuenet:huracan,0,0.193240
rescuenet:huracan,0,0.998060
rescuenet:huracan,0,0.999987
rescuenet:huracan,0,0.000112
rescuenet:huracan,0,0.081770
rescuenet:huracan,0,0.689698
rescuenet:huracan,0,0.034895
rescuenet:huracan,0,0.999081
rescuenet:huracan,0,0.590077
rescuenet:huracan,0,0.036030
rescuenet:huracan,0,0.009424
rescuenet:huracan,0,0.808835
rescuenet:huracan,0,0.013020
rescuenet:huracan,0,0.978238
rescuenet:huracan,0,0.790256
rescuenet:huracan,0,0.237082
rescuenet:huracan,0,0.993440
rescuenet:huracan,0,0.778173
rescuenet:huracan,0,0.806311
rescuenet:huracan,0,0.588257
rescuenet:huracan,0,0.332117
rescuenet:huracan,0,0.099661
rescuenet:huracan,0,0.928408
rescuenet:huracan,0,0.978813
rescuenet:huracan,0,0.999806
rescuenet:huracan,0,0.999876
rescuenet:huracan,0,0.999944
rescuenet:huracan,0,0.237884
rescuenet:huracan,0,0.059446
rescuenet:huracan,0,0.077264
rescuenet:huracan,0,0.814222
rescuenet:huracan,0,0.999430
rescuenet:huracan,0,0.031191
rescuenet:huracan,0,0.386303
rescuenet:huracan,0,0.913200
rescuenet:huracan,0,0.999833
rescuenet:huracan,0,0.012362
rescuenet:huracan,0,0.198422
rescuenet:huracan,0,0.999992
rescuenet:huracan,0,0.965900
rescuenet:huracan,0,0.852263
rescuenet:huracan,0,0.799820
rescuenet:huracan,0,0.000084
rescuenet:huracan,0,0.088082
rescuenet:huracan,0,0.013281
rescuenet:huracan,0,0.999473
rescuenet:huracan,0,0.006208
rescuenet:huracan,0,0.706833
rescuenet:huracan,0,0.999078
rescuenet:huracan,0,0.063874
rescuenet:huracan,0,0.947430
rescuenet:huracan,0,0.978661
rescuenet:huracan,0,0.827831
rescuenet:huracan,0,0.971825
rescuenet:huracan,0,0.007207
rescuenet:huracan,0,0.939472
rescuenet:huracan,0,0.999975
rescuenet:huracan,0,0.996675
rescuenet:huracan,0,0.004137
rescuenet:huracan,0,0.006107
rescuenet:huracan,0,0.032468
rescuenet:huracan,0,0.999695
rescuenet:huracan,0,0.023267
rescuenet:huracan,0,0.002985
rescuenet:huracan,0,0.995927
rescuenet:huracan,0,0.126719
rescuenet:huracan,0,0.995693
rescuenet:huracan,0,0.000384
rescuenet:huracan,0,0.627044
rescuenet:huracan,0,0.012839
rescuenet:huracan,0,0.845423
rescuenet:huracan,0,0.003308
rescuenet:huracan,0,0.128327
rescuenet:huracan,0,0.379451
rescuenet:huracan,0,0.997393
rescuenet:huracan,0,0.163799
rescuenet:huracan,0,0.508198
rescuenet:huracan,0,0.019161
rescuenet:huracan,0,0.035508
rescuenet:huracan,0,0.002296
rescuenet:huracan,0,0.935953
rescuenet:huracan,0,0.000358
rescuenet:huracan,0,0.938881
rescuenet:huracan,0,0.825157
rescuenet:huracan,0,0.003456
rescuenet:huracan,0,0.993874
rescuenet:huracan,0,0.005098
rescuenet:huracan,0,0.997970
rescuenet:huracan,0,0.001527
rescuenet:huracan,0,0.208098
rescuenet:huracan,0,0.786845
rescuenet:huracan,0,0.999049
rescuenet:huracan,0,0.068648
rescuenet:huracan,0,0.033952
rescuenet:huracan,0,0.997394
rescuenet:huracan,0,0.998880
rescuenet:huracan,0,0.991022
rescuenet:huracan,0,0.999913
rescuenet:huracan,0,0.999344
rescuenet:huracan,0,0.041130
rescuenet:huracan,0,0.508374
rescuenet:huracan,0,0.605838
rescuenet:huracan,0,0.968765
rescuenet:huracan,0,0.005395
rescuenet:huracan,0,0.987725
rescuenet:huracan,0,0.177924
rescuenet:huracan,0,0.996361
rescuenet:huracan,0,0.969858
rescuenet:huracan,0,0.018064
rescuenet:huracan,0,0.999994
rescuenet:huracan,0,0.983733
rescuenet:huracan,0,0.000962
rescuenet:huracan,0,0.980824
rescuenet:huracan,0,0.810309
rescuenet:huracan,0,0.999873
rescuenet:huracan,0,0.948764
rescuenet:huracan,0,0.888973
rescuenet:huracan,0,0.912093
rescuenet:huracan,0,0.993511
rescuenet:huracan,0,0.023175
rescuenet:huracan,0,0.999962
rescuenet:huracan,0,0.988672
rescuenet:huracan,0,0.999324
rescuenet:huracan,0,0.000033
rescuenet:huracan,0,0.000020
rescuenet:huracan,0,0.972605
rescuenet:huracan,0,0.000506
rescuenet:huracan,0,0.005669
rescuenet:huracan,0,0.833914
rescuenet:huracan,0,0.878975
rescuenet:huracan,0,0.327452
rescuenet:huracan,0,0.006102
rescuenet:huracan,0,0.048546
rescuenet:huracan,0,0.570498
rescuenet:huracan,0,0.966294
rescuenet:huracan,0,0.366892
rescuenet:huracan,0,0.236022
rescuenet:huracan,0,0.996546
rescuenet:huracan,0,1.000000
rescuenet:huracan,0,0.969692
rescuenet:huracan,0,0.334858
rescuenet:huracan,0,0.076651
rescuenet:huracan,0,0.935816
rescuenet:huracan,0,0.997943
rescuenet:huracan,0,0.004294
rescuenet:huracan,0,0.992949
rescuenet:huracan,0,0.937038
rescuenet:huracan,0,0.006364
rescuenet:huracan,0,0.934157
rescuenet:huracan,0,0.999967
rescuenet:huracan,0,0.233101
rescuenet:huracan,0,0.999372
rescuenet:huracan,0,0.999367
rescuenet:huracan,0,0.032317
rescuenet:huracan,0,0.017435
rescuenet:huracan,0,0.000196
rescuenet:huracan,0,0.001559
rescuenet:huracan,0,0.998808
rescuenet:huracan,0,0.990037
rescuenet:huracan,0,0.995611
rescuenet:huracan,0,0.000592
rescuenet:huracan,0,0.999996
rescuenet:huracan,0,0.012174
rescuenet:huracan,0,0.005084
rescuenet:huracan,0,0.993751
rescuenet:huracan,0,0.837635
rescuenet:huracan,0,0.550800
rescuenet:huracan,0,0.495799
rescuenet:huracan,0,0.001111
rescuenet:huracan,0,0.042854
rescuenet:huracan,0,0.003823
rescuenet:huracan,0,0.003297
rescuenet:huracan,0,0.909752
rescuenet:huracan,0,0.008830
rescuenet:huracan,0,0.063317
rescuenet:huracan,0,0.005637
rescuenet:huracan,0,0.390996
rescuenet:huracan,0,0.862701
rescuenet:huracan,0,0.901467
rescuenet:huracan,0,0.077473
rescuenet:huracan,0,0.004800
rescuenet:huracan,0,0.085537
rescuenet:huracan,0,0.494780
rescuenet:huracan,0,0.005571
rescuenet:huracan,0,0.996113
rescuenet:huracan,0,0.211433
rescuenet:huracan,0,0.004437
rescuenet:huracan,0,0.805188
rescuenet:huracan,0,0.999899
rescuenet:huracan,0,0.000019
rescuenet:huracan,0,0.018671
rescuenet:huracan,0,0.997523
rescuenet:huracan,0,0.003687
rescuenet:huracan,0,0.999680
rescuenet:huracan,0,0.158083
rescuenet:huracan,0,0.005662
rescuenet:huracan,0,0.998701
rescuenet:huracan,0,0.999542
rescuenet:huracan,0,0.276933
rescuenet:huracan,0,0.179810
rescuenet:huracan,0,0.901929
rescuenet:huracan,0,0.682545
rescuenet:huracan,0,0.988891
rescuenet:huracan,0,0.999656
rescuenet:huracan,0,0.998128
rescuenet:huracan,0,0.999148
rescuenet:huracan,0,0.218422
rescuenet:huracan,0,0.063738
rescuenet:huracan,0,0.995690
rescuenet:huracan,0,0.000153
rescuenet:huracan,0,0.886406
rescuenet:huracan,0,0.997676
rescuenet:huracan,0,0.350522
rescuenet:huracan,0,0.993853
rescuenet:huracan,0,0.097607
rescuenet:huracan,0,0.003874
rescuenet:huracan,0,0.996290
rescuenet:huracan,0,0.998099
rescuenet:huracan,0,0.964331
rescuenet:huracan,0,0.999971
rescuenet:huracan,0,0.005685
rescuenet:huracan,0,0.177498
rescuenet:huracan,0,0.004943
rescuenet:huracan,0,0.999813
rescuenet:huracan,0,0.969043
rescuenet:huracan,0,0.998213
rescuenet:huracan,0,0.983809
rescuenet:huracan,0,0.111141
rescuenet:huracan,0,0.048360
rescuenet:huracan,0,0.005490
rescuenet:huracan,0,0.997574
rescuenet:huracan,0,0.242569
rescuenet:huracan,0,0.000004
rescuenet:huracan,0,0.999989
rescuenet:huracan,0,0.930188
rescuenet:huracan,0,0.959490
rescuenet:huracan,0,0.991771
rescuenet:huracan,0,0.174276
xbd:hurricane-florence,0,0.005274
xbd:hurricane-florence,0,0.000689
xbd:hurricane-florence,0,0.200228
xbd:hurricane-florence,0,0.037172
xbd:hurricane-florence,0,0.034960
xbd:hurricane-florence,0,0.004516
xbd:hurricane-florence,0,0.980135
xbd:hurricane-florence,0,0.010144
xbd:hurricane-florence,0,0.921271
xbd:hurricane-florence,0,0.011154
xbd:hurricane-florence,0,0.000785
xbd:hurricane-florence,0,0.000677
xbd:hurricane-florence,0,0.002238
xbd:hurricane-florence,0,0.035721
xbd:hurricane-florence,0,0.373865
xbd:hurricane-florence,0,0.165650
xbd:hurricane-florence,0,0.056934
xbd:hurricane-florence,0,0.001168
xbd:hurricane-florence,0,0.018028
xbd:hurricane-florence,0,0.000402
xbd:hurricane-florence,0,0.000191
xbd:hurricane-florence,0,0.007968
xbd:hurricane-florence,0,0.026289
xbd:hurricane-florence,0,0.009233
xbd:hurricane-florence,0,0.000072
xbd:hurricane-florence,0,0.016238
xbd:hurricane-florence,0,0.000230
xbd:hurricane-florence,0,0.006558
xbd:hurricane-florence,0,0.002401
xbd:hurricane-florence,0,0.003240
xbd:hurricane-florence,0,0.884922
xbd:hurricane-florence,0,0.003128
xbd:hurricane-florence,0,0.006428
xbd:hurricane-florence,0,0.012922
xbd:hurricane-florence,0,0.001241
xbd:hurricane-florence,0,0.085807
xbd:hurricane-florence,0,0.051668
xbd:hurricane-florence,0,0.066794
xbd:hurricane-florence,0,0.000463
xbd:hurricane-florence,0,0.000073
xbd:hurricane-florence,0,0.002316
xbd:hurricane-florence,0,0.005034
xbd:hurricane-florence,0,0.957797
xbd:hurricane-florence,0,0.022383
xbd:hurricane-harvey,0,0.647694
xbd:hurricane-harvey,0,0.000668
xbd:hurricane-harvey,0,0.026351
xbd:hurricane-harvey,0,0.011101
xbd:hurricane-harvey,0,0.000156
xbd:hurricane-harvey,0,0.593026
xbd:hurricane-harvey,0,0.019400
xbd:hurricane-harvey,0,0.055354
xbd:hurricane-harvey,0,0.535628
xbd:hurricane-harvey,0,0.172810
xbd:hurricane-harvey,0,0.001979
xbd:hurricane-harvey,0,0.003698
xbd:hurricane-harvey,0,0.035379
xbd:hurricane-harvey,0,0.000976
xbd:hurricane-harvey,0,0.001580
xbd:hurricane-harvey,0,0.001851
xbd:hurricane-harvey,0,0.028753
xbd:hurricane-harvey,0,0.000000
xbd:hurricane-harvey,0,0.002559
xbd:hurricane-harvey,0,0.009831
xbd:hurricane-harvey,0,0.776133
xbd:hurricane-harvey,0,0.000008
xbd:hurricane-harvey,0,0.000774
xbd:hurricane-harvey,0,0.000000
xbd:hurricane-harvey,0,0.353750
xbd:hurricane-harvey,0,0.000622
xbd:hurricane-harvey,0,0.020547
xbd:hurricane-harvey,0,0.000001
xbd:hurricane-harvey,0,0.124833
xbd:hurricane-harvey,0,0.000011
xbd:hurricane-harvey,0,0.000002
xbd:hurricane-harvey,0,0.000001
xbd:hurricane-harvey,0,0.000328
xbd:hurricane-harvey,0,0.004576
xbd:hurricane-harvey,0,0.000039
xbd:hurricane-harvey,0,0.000000
xbd:hurricane-harvey,0,0.073525
xbd:hurricane-matthew,0,0.265869
xbd:hurricane-matthew,0,0.342949
xbd:hurricane-matthew,0,0.002799
xbd:hurricane-matthew,0,0.069028
xbd:hurricane-matthew,0,0.999913
xbd:hurricane-matthew,0,0.923337
xbd:hurricane-matthew,0,0.512886
xbd:hurricane-matthew,0,0.999936
xbd:hurricane-matthew,0,0.999697
xbd:hurricane-matthew,0,0.995175
xbd:hurricane-matthew,0,0.009249
xbd:hurricane-matthew,0,0.000208
xbd:hurricane-matthew,0,0.003824
xbd:hurricane-matthew,0,0.952065
xbd:hurricane-matthew,0,0.758730
xbd:hurricane-matthew,0,0.957763
xbd:hurricane-matthew,0,0.449279
xbd:hurricane-matthew,0,0.985104
xbd:hurricane-matthew,0,0.000917
xbd:hurricane-matthew,0,0.995418
xbd:hurricane-matthew,0,0.996535
xbd:hurricane-matthew,0,0.000422
xbd:hurricane-matthew,0,0.002589
xbd:hurricane-matthew,0,0.999129
xbd:hurricane-matthew,0,0.220583
xbd:hurricane-matthew,0,0.967705
xbd:hurricane-matthew,0,0.921395
xbd:hurricane-matthew,0,0.999249
xbd:hurricane-matthew,0,0.065738
xbd:hurricane-matthew,0,0.999655
xbd:hurricane-michael,0,0.000130
xbd:hurricane-michael,0,0.000000
xbd:hurricane-michael,0,0.000055
xbd:hurricane-michael,0,0.000036
xbd:hurricane-michael,0,0.000002
xbd:hurricane-michael,0,0.003015
xbd:hurricane-michael,0,0.000357
xbd:hurricane-michael,0,0.001382
xbd:hurricane-michael,0,0.000001
xbd:hurricane-michael,0,0.000004
xbd:hurricane-michael,0,0.000000
xbd:hurricane-michael,0,0.000002
xbd:hurricane-michael,0,0.000002
xbd:hurricane-michael,0,0.000000
xbd:hurricane-michael,0,0.005094
xbd:hurricane-michael,0,0.001816
xbd:hurricane-michael,0,0.000036
xbd:hurricane-michael,0,0.000000
xbd:hurricane-michael,0,0.000146
xbd:hurricane-michael,0,0.000003
xbd:hurricane-michael,0,0.000070
xbd:hurricane-michael,0,0.000847
xbd:hurricane-michael,0,0.000062
xbd:hurricane-michael,0,0.000036
xbd:hurricane-michael,0,0.017033
xbd:hurricane-michael,0,0.009848
xbd:hurricane-michael,0,0.000046
xbd:hurricane-michael,0,0.001450
xbd:hurricane-michael,0,0.000028
xbd:hurricane-michael,0,0.000001
xbd:hurricane-michael,0,0.005568
xbd:hurricane-michael,0,0.151293
xbd:hurricane-michael,0,0.065645
xbd:hurricane-michael,0,0.000004
xbd:hurricane-michael,0,0.124929
xbd:hurricane-michael,0,0.000002
xbd:hurricane-michael,0,0.000002
xbd:hurricane-michael,0,0.000000
xbd:hurricane-michael,0,0.001107
xbd:hurricane-michael,0,0.000139
xbd:hurricane-michael,0,0.002878
xbd:hurricane-michael,0,0.017866
xbd:joplin-tornado,0,0.000002
xbd:joplin-tornado,0,0.000007
xbd:joplin-tornado,0,0.000001
xbd:joplin-tornado,0,0.000138
xbd:joplin-tornado,0,0.000000
xbd:joplin-tornado,0,0.000019
xbd:joplin-tornado,0,0.000000
xbd:joplin-tornado,0,0.003094
xbd:joplin-tornado,0,0.000171
xbd:joplin-tornado,0,0.000000
xbd:joplin-tornado,0,0.000014
xbd:joplin-tornado,0,0.000958
xbd:joplin-tornado,0,0.000365
xbd:joplin-tornado,0,0.000005
xbd:joplin-tornado,0,0.000002
xbd:joplin-tornado,0,0.000000
xbd:joplin-tornado,0,0.000001
xbd:joplin-tornado,0,0.000000
xbd:joplin-tornado,0,0.001243
xbd:joplin-tornado,0,0.000669
xbd:joplin-tornado,0,0.000003
xbd:joplin-tornado,0,0.000000
xbd:joplin-tornado,0,0.000032
xbd:joplin-tornado,0,0.000001
xbd:joplin-tornado,0,0.000201
xbd:joplin-tornado,0,0.000016
xbd:joplin-tornado,0,0.000000
xbd:joplin-tornado,0,0.000000
xbd:joplin-tornado,0,0.000000
xbd:joplin-tornado,0,0.000001
xbd:joplin-tornado,0,0.000001
xbd:joplin-tornado,0,0.000245
xbd:joplin-tornado,0,0.000000
xbd:joplin-tornado,0,0.006601
xbd:joplin-tornado,0,0.000009
xbd:joplin-tornado,0,0.000023
xbd:joplin-tornado,0,0.000003
xbd:joplin-tornado,0,0.000081
xbd:joplin-tornado,0,0.000000
xbd:joplin-tornado,0,0.000000
xbd:joplin-tornado,0,0.002041
xbd:joplin-tornado,0,0.015467
xbd:joplin-tornado,0,0.000070
xbd:joplin-tornado,0,0.000000
xbd:joplin-tornado,0,0.000103
xbd:joplin-tornado,0,0.000000
xbd:joplin-tornado,0,0.000000
xbd:joplin-tornado,0,0.000001
xbd:joplin-tornado,0,0.000003
xbd:joplin-tornado,0,0.000000
xbd:joplin-tornado,0,0.000049
xbd:joplin-tornado,0,0.000000
xbd:joplin-tornado,0,0.000000
xbd:joplin-tornado,0,0.000000
xbd:joplin-tornado,0,0.000000
xbd:joplin-tornado,0,0.000254
xbd:joplin-tornado,0,0.000037
xbd:joplin-tornado,0,0.015643
xbd:joplin-tornado,0,0.000039
xbd:joplin-tornado,0,0.000001
xbd:joplin-tornado,0,0.000051
xbd:joplin-tornado,0,0.000000
xbd:joplin-tornado,0,0.000000
xbd:joplin-tornado,0,0.000004
xbd:joplin-tornado,0,0.000001
xbd:joplin-tornado,0,0.001368
xbd:joplin-tornado,0,0.000001
xbd:joplin-tornado,0,0.000000
xbd:joplin-tornado,0,0.000004
xbd:joplin-tornado,0,0.000004
xbd:joplin-tornado,0,0.000088
xbd:joplin-tornado,0,0.000165
xbd:joplin-tornado,0,0.000004
xbd:joplin-tornado,0,0.000000
xbd:joplin-tornado,0,0.000001
xbd:joplin-tornado,0,0.001987
xbd:joplin-tornado,0,0.000005
xbd:joplin-tornado,0,0.000010
xbd:joplin-tornado,0,0.030186
xbd:joplin-tornado,0,0.000004
xbd:joplin-tornado,0,0.001683
xbd:joplin-tornado,0,0.000000
xbd:joplin-tornado,0,0.000000
xbd:joplin-tornado,0,0.000085
xbd:joplin-tornado,0,0.000000
xbd:joplin-tornado,0,0.000000
xbd:joplin-tornado,0,0.000603
xbd:joplin-tornado,0,0.000000
xbd:joplin-tornado,0,0.000226
xbd:joplin-tornado,0,0.000000
xbd:joplin-tornado,0,0.000000
xbd:joplin-tornado,0,0.000059
xbd:joplin-tornado,0,0.000000
xbd:joplin-tornado,0,0.000001
xbd:joplin-tornado,0,0.000000
xbd:joplin-tornado,0,0.000000
xbd:joplin-tornado,0,0.000000
xbd:joplin-tornado,0,0.000000
xbd:joplin-tornado,0,0.005831
xbd:joplin-tornado,0,0.000002
xbd:joplin-tornado,0,0.000573
xbd:joplin-tornado,0,0.000430
xbd:joplin-tornado,0,0.000000
xbd:joplin-tornado,0,0.000003
xbd:joplin-tornado,0,0.000000
xbd:joplin-tornado,0,0.000042
xbd:joplin-tornado,0,0.005222
xbd:joplin-tornado,0,0.000149
xbd:joplin-tornado,0,0.000000
xbd:joplin-tornado,0,0.000010
xbd:joplin-tornado,0,0.000000
xbd:joplin-tornado,0,0.000002
xbd:joplin-tornado,0,0.000000
xbd:joplin-tornado,0,0.000018
xbd:joplin-tornado,0,0.000000
xbd:joplin-tornado,0,0.000148
xbd:joplin-tornado,0,0.000201
xbd:joplin-tornado,0,0.000005
xbd:joplin-tornado,0,0.000000
xbd:joplin-tornado,0,0.000035
xbd:joplin-tornado,0,0.000002
xbd:joplin-tornado,0,0.000053
xbd:joplin-tornado,0,0.000000
xbd:joplin-tornado,0,0.000012
xbd:joplin-tornado,0,0.000004
xbd:joplin-tornado,0,0.000000
xbd:joplin-tornado,0,0.001198
xbd:joplin-tornado,0,0.000002
xbd:joplin-tornado,0,0.000000
xbd:joplin-tornado,0,0.000332
xbd:joplin-tornado,0,0.000000
xbd:joplin-tornado,0,0.001410
xbd:joplin-tornado,0,0.004795
xbd:joplin-tornado,0,0.000003
xbd:joplin-tornado,0,0.000030
xbd:joplin-tornado,0,0.000000
xbd:joplin-tornado,0,0.000113
xbd:joplin-tornado,0,0.000000
xbd:joplin-tornado,0,0.000382
xbd:joplin-tornado,0,0.000000
xbd:joplin-tornado,0,0.000001
xbd:joplin-tornado,0,0.000000
xbd:joplin-tornado,0,0.000290
xbd:joplin-tornado,0,0.000001
xbd:joplin-tornado,0,0.000000
xbd:joplin-tornado,0,0.000000
xbd:joplin-tornado,0,0.000001
xbd:joplin-tornado,0,0.000081
xbd:lower-puna-volcano,0,0.984465
xbd:lower-puna-volcano,0,0.843587
xbd:lower-puna-volcano,0,0.091128
xbd:lower-puna-volcano,0,0.028836
xbd:lower-puna-volcano,0,0.999089
xbd:lower-puna-volcano,0,0.519224
xbd:lower-puna-volcano,0,0.000271
xbd:lower-puna-volcano,0,0.991510
xbd:lower-puna-volcano,0,0.000025
xbd:lower-puna-volcano,0,0.002693
xbd:lower-puna-volcano,0,0.038113
xbd:lower-puna-volcano,0,0.126604
xbd:lower-puna-volcano,0,0.000088
xbd:lower-puna-volcano,0,0.876778
xbd:lower-puna-volcano,0,0.000409
xbd:lower-puna-volcano,0,0.198065
xbd:lower-puna-volcano,0,0.770262
xbd:lower-puna-volcano,0,0.993009
xbd:lower-puna-volcano,0,0.023115
xbd:lower-puna-volcano,0,0.559518
xbd:lower-puna-volcano,0,0.026419
xbd:lower-puna-volcano,0,0.000503
xbd:lower-puna-volcano,0,0.000001
xbd:lower-puna-volcano,0,0.937019
xbd:lower-puna-volcano,0,0.508386
xbd:lower-puna-volcano,0,0.008593
xbd:lower-puna-volcano,0,0.008801
xbd:lower-puna-volcano,0,0.069103
xbd:lower-puna-volcano,0,0.043978
xbd:lower-puna-volcano,0,0.076904
xbd:lower-puna-volcano,0,0.001146
xbd:lower-puna-volcano,0,0.055695
xbd:lower-puna-volcano,0,0.000149
xbd:lower-puna-volcano,0,0.007182
xbd:lower-puna-volcano,0,0.000240
xbd:lower-puna-volcano,0,0.000001
xbd:lower-puna-volcano,0,0.004960
xbd:lower-puna-volcano,0,0.000366
xbd:lower-puna-volcano,0,0.004837
xbd:lower-puna-volcano,0,0.000002
xbd:lower-puna-volcano,0,0.763537
xbd:lower-puna-volcano,0,0.601279
xbd:lower-puna-volcano,0,0.000215
xbd:lower-puna-volcano,0,0.000078
xbd:lower-puna-volcano,0,0.003363
xbd:lower-puna-volcano,0,0.090135
xbd:lower-puna-volcano,0,0.320212
xbd:lower-puna-volcano,0,0.255881
xbd:lower-puna-volcano,0,0.001162
xbd:lower-puna-volcano,0,0.002960
xbd:lower-puna-volcano,0,0.092742
xbd:lower-puna-volcano,0,0.000996
xbd:lower-puna-volcano,0,0.424040
xbd:lower-puna-volcano,0,0.058383
xbd:lower-puna-volcano,0,0.000015
xbd:lower-puna-volcano,0,0.161496
xbd:lower-puna-volcano,0,0.093729
xbd:lower-puna-volcano,0,0.013825
xbd:lower-puna-volcano,0,0.008936
xbd:lower-puna-volcano,0,0.808133
xbd:lower-puna-volcano,0,0.102704
xbd:lower-puna-volcano,0,0.065214
xbd:lower-puna-volcano,0,0.608530
xbd:lower-puna-volcano,0,0.002317
xbd:lower-puna-volcano,0,0.003796
xbd:lower-puna-volcano,0,0.000145
xbd:lower-puna-volcano,0,0.005356
xbd:lower-puna-volcano,0,0.000600
xbd:lower-puna-volcano,0,0.014977
xbd:lower-puna-volcano,0,0.000095
xbd:lower-puna-volcano,0,0.002297
xbd:lower-puna-volcano,0,0.000486
xbd:lower-puna-volcano,0,0.000048
xbd:lower-puna-volcano,0,0.000140
xbd:lower-puna-volcano,0,0.010311
xbd:lower-puna-volcano,0,0.330737
xbd:lower-puna-volcano,0,0.018401
xbd:lower-puna-volcano,0,0.000567
xbd:lower-puna-volcano,0,0.002449
xbd:lower-puna-volcano,0,0.000051
xbd:lower-puna-volcano,0,0.000256
xbd:lower-puna-volcano,0,0.002399
xbd:lower-puna-volcano,0,0.000136
xbd:lower-puna-volcano,0,0.000978
xbd:lower-puna-volcano,0,0.000747
xbd:lower-puna-volcano,0,0.007817
xbd:lower-puna-volcano,0,0.040208
xbd:lower-puna-volcano,0,0.002427
xbd:lower-puna-volcano,0,0.072919
xbd:lower-puna-volcano,0,0.858538
xbd:lower-puna-volcano,0,0.000007
xbd:lower-puna-volcano,0,0.125223
xbd:lower-puna-volcano,0,0.970963
xbd:lower-puna-volcano,0,0.000296
xbd:lower-puna-volcano,0,0.001214
xbd:lower-puna-volcano,0,0.427917
xbd:lower-puna-volcano,0,0.000962
xbd:lower-puna-volcano,0,0.040096
xbd:lower-puna-volcano,0,0.000215
xbd:lower-puna-volcano,0,0.901698
xbd:lower-puna-volcano,0,0.998637
xbd:lower-puna-volcano,0,0.065689
xbd:lower-puna-volcano,0,0.000576
xbd:lower-puna-volcano,0,0.998538
xbd:lower-puna-volcano,0,0.019015
xbd:lower-puna-volcano,0,0.944062
xbd:lower-puna-volcano,0,0.016686
xbd:lower-puna-volcano,0,0.086531
xbd:lower-puna-volcano,0,0.000017
xbd:lower-puna-volcano,0,0.011113
xbd:lower-puna-volcano,0,0.005434
xbd:lower-puna-volcano,0,0.202943
xbd:lower-puna-volcano,0,0.999775
xbd:lower-puna-volcano,0,0.000001
xbd:lower-puna-volcano,0,0.000246
xbd:lower-puna-volcano,0,0.000299
xbd:lower-puna-volcano,0,0.039225
xbd:lower-puna-volcano,0,0.003502
xbd:lower-puna-volcano,0,0.000109
xbd:lower-puna-volcano,0,0.004716
xbd:lower-puna-volcano,0,0.006582
xbd:lower-puna-volcano,0,0.001159
xbd:lower-puna-volcano,0,0.000002
xbd:lower-puna-volcano,0,0.186804
xbd:lower-puna-volcano,0,0.000730
xbd:lower-puna-volcano,0,0.032140
xbd:lower-puna-volcano,0,0.056564
xbd:lower-puna-volcano,0,0.007379
xbd:lower-puna-volcano,0,0.998869
xbd:lower-puna-volcano,0,0.625148
xbd:lower-puna-volcano,0,0.007255
xbd:lower-puna-volcano,0,0.169918
xbd:lower-puna-volcano,0,0.000098
xbd:lower-puna-volcano,0,0.104491
xbd:lower-puna-volcano,0,0.000004
xbd:lower-puna-volcano,0,0.000108
xbd:lower-puna-volcano,0,0.004516
xbd:lower-puna-volcano,0,0.054371
xbd:lower-puna-volcano,0,0.029941
xbd:lower-puna-volcano,0,0.200721
xbd:lower-puna-volcano,0,0.002189
xbd:lower-puna-volcano,0,0.021012
xbd:lower-puna-volcano,0,0.172956
xbd:lower-puna-volcano,0,0.972307
xbd:lower-puna-volcano,0,0.000000
xbd:lower-puna-volcano,0,0.006395
xbd:lower-puna-volcano,0,0.371583
xbd:lower-puna-volcano,0,0.004037
xbd:lower-puna-volcano,0,0.014754
xbd:lower-puna-volcano,0,0.001437
xbd:lower-puna-volcano,0,0.063391
xbd:lower-puna-volcano,0,0.002415
xbd:lower-puna-volcano,0,0.003580
xbd:lower-puna-volcano,0,0.013225
xbd:lower-puna-volcano,0,0.002003
xbd:lower-puna-volcano,0,0.026598
xbd:lower-puna-volcano,0,0.874757
xbd:lower-puna-volcano,0,0.712987
xbd:lower-puna-volcano,0,0.002442
xbd:lower-puna-volcano,0,0.011284
xbd:lower-puna-volcano,0,0.000180
xbd:lower-puna-volcano,0,0.020045
xbd:lower-puna-volcano,0,0.001376
xbd:lower-puna-volcano,0,0.016552
xbd:lower-puna-volcano,0,0.024728
xbd:lower-puna-volcano,0,0.996210
xbd:lower-puna-volcano,0,0.999846
xbd:lower-puna-volcano,0,0.000128
xbd:lower-puna-volcano,0,0.010015
xbd:lower-puna-volcano,0,0.000056
xbd:lower-puna-volcano,0,0.000567
xbd:lower-puna-volcano,0,0.000694
xbd:lower-puna-volcano,0,0.966132
xbd:lower-puna-volcano,0,0.001491
xbd:lower-puna-volcano,0,0.200177
xbd:lower-puna-volcano,0,0.052733
xbd:lower-puna-volcano,0,0.000011
xbd:lower-puna-volcano,0,0.000963
xbd:lower-puna-volcano,0,0.012191
xbd:lower-puna-volcano,0,0.189208
xbd:lower-puna-volcano,0,0.006942
xbd:lower-puna-volcano,0,0.010109
xbd:lower-puna-volcano,0,0.063067
xbd:mexico-earthquake,0,0.052296
xbd:mexico-earthquake,0,0.513213
xbd:mexico-earthquake,0,0.043468
xbd:mexico-earthquake,0,0.013551
xbd:mexico-earthquake,0,0.024022
xbd:mexico-earthquake,0,0.000055
xbd:mexico-earthquake,0,0.035687
xbd:mexico-earthquake,0,0.394909
xbd:mexico-earthquake,0,0.017439
xbd:mexico-earthquake,0,0.576411
xbd:mexico-earthquake,0,0.000037
xbd:mexico-earthquake,0,0.992584
xbd:mexico-earthquake,0,0.002330
xbd:mexico-earthquake,0,0.011536
xbd:mexico-earthquake,0,0.002653
xbd:mexico-earthquake,0,0.684986
xbd:mexico-earthquake,0,0.986489
xbd:mexico-earthquake,0,0.000063
xbd:mexico-earthquake,0,0.710785
xbd:mexico-earthquake,0,0.043398
xbd:mexico-earthquake,0,0.582631
xbd:mexico-earthquake,0,0.227136
xbd:mexico-earthquake,0,0.106649
xbd:mexico-earthquake,0,0.008760
xbd:mexico-earthquake,0,0.000581
xbd:mexico-earthquake,0,0.907953
xbd:mexico-earthquake,0,0.007248
xbd:mexico-earthquake,0,0.008499
xbd:mexico-earthquake,0,0.000053
xbd:mexico-earthquake,0,0.082440
xbd:mexico-earthquake,0,0.011408
xbd:mexico-earthquake,0,0.001381
xbd:mexico-earthquake,0,0.986733
xbd:mexico-earthquake,0,0.612590
xbd:mexico-earthquake,0,0.757922
xbd:mexico-earthquake,0,0.004343
xbd:mexico-earthquake,0,0.014553
xbd:mexico-earthquake,0,0.089484
xbd:mexico-earthquake,0,0.000033
xbd:mexico-earthquake,0,0.322456
xbd:mexico-earthquake,0,0.000048
xbd:mexico-earthquake,0,0.005718
xbd:mexico-earthquake,0,0.003744
xbd:mexico-earthquake,0,0.007923
xbd:mexico-earthquake,0,0.001316
xbd:mexico-earthquake,0,0.401418
xbd:mexico-earthquake,0,0.169149
xbd:mexico-earthquake,0,0.014844
xbd:mexico-earthquake,0,0.005744
xbd:mexico-earthquake,0,0.807552
xbd:mexico-earthquake,0,0.018532
xbd:mexico-earthquake,0,0.047537
xbd:mexico-earthquake,0,0.006533
xbd:mexico-earthquake,0,0.321986
xbd:mexico-earthquake,0,0.013372
xbd:mexico-earthquake,0,0.001605
xbd:mexico-earthquake,0,0.000106
xbd:mexico-earthquake,0,0.013983
xbd:mexico-earthquake,0,0.000107
xbd:mexico-earthquake,0,0.003700
xbd:mexico-earthquake,0,0.000079
xbd:mexico-earthquake,0,0.001726
xbd:mexico-earthquake,0,0.025209
xbd:mexico-earthquake,0,0.003438
xbd:mexico-earthquake,0,0.854227
xbd:mexico-earthquake,0,0.911155
xbd:mexico-earthquake,0,0.002428
xbd:mexico-earthquake,0,0.000036
xbd:mexico-earthquake,0,0.000035
xbd:mexico-earthquake,0,0.181356
xbd:mexico-earthquake,0,0.840455
xbd:mexico-earthquake,0,0.063635
xbd:mexico-earthquake,0,0.958400
xbd:mexico-earthquake,0,0.083943
xbd:mexico-earthquake,0,0.514317
xbd:mexico-earthquake,0,0.827140
xbd:mexico-earthquake,0,0.993265
xbd:mexico-earthquake,0,0.006978
xbd:mexico-earthquake,0,0.174567
xbd:mexico-earthquake,0,0.000997
xbd:mexico-earthquake,0,0.015029
xbd:mexico-earthquake,0,0.000047
xbd:mexico-earthquake,0,0.677177
xbd:mexico-earthquake,0,0.027322
xbd:mexico-earthquake,0,0.000270
xbd:mexico-earthquake,0,0.005180
xbd:mexico-earthquake,0,0.030016
xbd:mexico-earthquake,0,0.789287
xbd:mexico-earthquake,0,0.002067
xbd:mexico-earthquake,0,0.024109
xbd:mexico-earthquake,0,0.469208
xbd:mexico-earthquake,0,0.000891
xbd:mexico-earthquake,0,0.048037
xbd:mexico-earthquake,0,0.000414
xbd:mexico-earthquake,0,0.003548
xbd:mexico-earthquake,0,0.140459
xbd:mexico-earthquake,0,0.005477
xbd:mexico-earthquake,0,0.001337
xbd:mexico-earthquake,0,0.978276
xbd:mexico-earthquake,0,0.000453
xbd:mexico-earthquake,0,0.011362
xbd:mexico-earthquake,0,0.371620
xbd:mexico-earthquake,0,0.013639
xbd:mexico-earthquake,0,0.003415
xbd:mexico-earthquake,0,0.249423
xbd:mexico-earthquake,0,0.002023
xbd:mexico-earthquake,0,0.036001
xbd:mexico-earthquake,0,0.001604
xbd:mexico-earthquake,0,0.000016
xbd:mexico-earthquake,0,0.002929
xbd:mexico-earthquake,0,0.042962
xbd:mexico-earthquake,0,0.004119
xbd:mexico-earthquake,0,0.007035
xbd:mexico-earthquake,0,0.956184
xbd:mexico-earthquake,0,0.000252
xbd:mexico-earthquake,0,0.027839
xbd:mexico-earthquake,0,0.024592
xbd:mexico-earthquake,0,0.013387
xbd:mexico-earthquake,0,0.176554
xbd:mexico-earthquake,0,0.000019
xbd:mexico-earthquake,0,0.053427
xbd:midwest-flooding,0,0.954703
xbd:midwest-flooding,0,0.004227
xbd:midwest-flooding,0,0.014345
xbd:midwest-flooding,0,0.000266
xbd:midwest-flooding,0,0.000147
xbd:midwest-flooding,0,0.764692
xbd:midwest-flooding,0,0.101470
xbd:midwest-flooding,0,0.001524
xbd:midwest-flooding,0,0.003881
xbd:midwest-flooding,0,0.145505
xbd:midwest-flooding,0,0.010065
xbd:midwest-flooding,0,0.000409
xbd:midwest-flooding,0,0.005925
xbd:midwest-flooding,0,0.003706
xbd:midwest-flooding,0,0.000002
xbd:midwest-flooding,0,0.000585
xbd:midwest-flooding,0,0.868041
xbd:midwest-flooding,0,0.012123
xbd:midwest-flooding,0,0.000000
xbd:midwest-flooding,0,0.000001
xbd:midwest-flooding,0,0.001425
xbd:midwest-flooding,0,0.047487
xbd:midwest-flooding,0,0.107388
xbd:midwest-flooding,0,0.591083
xbd:midwest-flooding,0,0.620838
xbd:midwest-flooding,0,0.000540
xbd:midwest-flooding,0,0.741657
xbd:midwest-flooding,0,0.438262
xbd:midwest-flooding,0,0.026306
xbd:midwest-flooding,0,0.001915
xbd:midwest-flooding,0,0.000004
xbd:midwest-flooding,0,0.000049
xbd:midwest-flooding,0,0.018677
xbd:midwest-flooding,0,0.036938
xbd:midwest-flooding,0,0.000305
xbd:midwest-flooding,0,0.010493
xbd:midwest-flooding,0,0.024602
xbd:midwest-flooding,0,0.038419
xbd:midwest-flooding,0,0.202636
xbd:midwest-flooding,0,0.000000
xbd:midwest-flooding,0,0.137873
xbd:midwest-flooding,0,0.016588
xbd:midwest-flooding,0,0.755417
xbd:midwest-flooding,0,0.612290
xbd:midwest-flooding,0,0.002418
xbd:midwest-flooding,0,0.487836
xbd:midwest-flooding,0,0.017116
xbd:midwest-flooding,0,0.002573
xbd:midwest-flooding,0,0.101600
xbd:midwest-flooding,0,0.676469
xbd:midwest-flooding,0,0.000739
xbd:midwest-flooding,0,0.264712
xbd:midwest-flooding,0,0.000015
xbd:midwest-flooding,0,0.000001
xbd:midwest-flooding,0,0.022338
xbd:midwest-flooding,0,0.318134
xbd:midwest-flooding,0,0.972220
xbd:midwest-flooding,0,0.028308
xbd:midwest-flooding,0,0.000207
xbd:midwest-flooding,0,0.006960
xbd:midwest-flooding,0,0.070140
xbd:midwest-flooding,0,0.000554
xbd:midwest-flooding,0,0.000082
xbd:midwest-flooding,0,0.993010
xbd:midwest-flooding,0,0.030677
xbd:midwest-flooding,0,0.035126
xbd:midwest-flooding,0,0.000006
xbd:midwest-flooding,0,0.011902
xbd:midwest-flooding,0,0.947413
xbd:midwest-flooding,0,0.861928
xbd:midwest-flooding,0,0.988937
xbd:midwest-flooding,0,0.000053
xbd:midwest-flooding,0,0.012054
xbd:midwest-flooding,0,0.000880
xbd:midwest-flooding,0,0.001007
xbd:midwest-flooding,0,0.007501
xbd:midwest-flooding,0,0.002513
xbd:midwest-flooding,0,0.125404
xbd:midwest-flooding,0,0.042159
xbd:midwest-flooding,0,0.005752
xbd:midwest-flooding,0,0.005137
xbd:midwest-flooding,0,0.656086
xbd:midwest-flooding,0,0.000376
xbd:midwest-flooding,0,0.454431
xbd:midwest-flooding,0,0.944944
xbd:midwest-flooding,0,0.298138
xbd:midwest-flooding,0,0.002318
xbd:midwest-flooding,0,0.000239
xbd:midwest-flooding,0,0.064332
xbd:midwest-flooding,0,0.003294
xbd:midwest-flooding,0,0.030338
xbd:midwest-flooding,0,0.267300
xbd:midwest-flooding,0,0.001584
xbd:midwest-flooding,0,0.258154
xbd:midwest-flooding,0,0.000046
xbd:midwest-flooding,0,0.000848
xbd:midwest-flooding,0,0.000000
xbd:midwest-flooding,0,0.003464
xbd:midwest-flooding,0,0.001216
xbd:midwest-flooding,0,0.559049
xbd:midwest-flooding,0,0.000035
xbd:midwest-flooding,0,0.641411
xbd:midwest-flooding,0,0.083501
xbd:midwest-flooding,0,0.051376
xbd:midwest-flooding,0,0.682556
xbd:midwest-flooding,0,0.025453
xbd:midwest-flooding,0,0.000047
xbd:midwest-flooding,0,0.063251
xbd:midwest-flooding,0,0.318208
xbd:midwest-flooding,0,0.883937
xbd:midwest-flooding,0,0.000297
xbd:midwest-flooding,0,0.010383
xbd:midwest-flooding,0,0.637265
xbd:midwest-flooding,0,0.000054
xbd:midwest-flooding,0,0.745770
xbd:midwest-flooding,0,0.000248
xbd:midwest-flooding,0,0.030165
xbd:midwest-flooding,0,0.004304
xbd:midwest-flooding,0,0.399628
xbd:midwest-flooding,0,0.041646
xbd:midwest-flooding,0,0.009429
xbd:midwest-flooding,0,0.002329
xbd:midwest-flooding,0,0.036941
xbd:midwest-flooding,0,0.160360
xbd:midwest-flooding,0,0.187325
xbd:midwest-flooding,0,0.000683
xbd:midwest-flooding,0,0.041845
xbd:midwest-flooding,0,0.185297
xbd:midwest-flooding,0,0.001442
xbd:midwest-flooding,0,0.069780
xbd:midwest-flooding,0,0.003654
xbd:midwest-flooding,0,0.130061
xbd:midwest-flooding,0,0.000442
xbd:midwest-flooding,0,0.000001
xbd:midwest-flooding,0,0.005722
xbd:midwest-flooding,0,0.000002
xbd:midwest-flooding,0,0.001947
xbd:midwest-flooding,0,0.832656
xbd:midwest-flooding,0,0.054989
xbd:midwest-flooding,0,0.001357
xbd:midwest-flooding,0,0.006756
xbd:midwest-flooding,0,0.000000
xbd:midwest-flooding,0,0.000155
xbd:midwest-flooding,0,0.000000
xbd:midwest-flooding,0,0.004529
xbd:midwest-flooding,0,0.653156
xbd:midwest-flooding,0,0.000153
xbd:midwest-flooding,0,0.000149
xbd:midwest-flooding,0,0.998736
xbd:midwest-flooding,0,0.012790
xbd:midwest-flooding,0,0.000008
xbd:midwest-flooding,0,0.018793
xbd:midwest-flooding,0,0.000527
xbd:midwest-flooding,0,0.014920
xbd:midwest-flooding,0,0.039621
xbd:midwest-flooding,0,0.000009
xbd:midwest-flooding,0,0.047589
xbd:midwest-flooding,0,0.010492
xbd:midwest-flooding,0,0.003504
xbd:midwest-flooding,0,0.000156
xbd:midwest-flooding,0,0.075190
xbd:midwest-flooding,0,0.082740
xbd:midwest-flooding,0,0.000056
xbd:midwest-flooding,0,0.081607
xbd:midwest-flooding,0,0.000169
xbd:midwest-flooding,0,0.000475
xbd:midwest-flooding,0,0.000104
xbd:midwest-flooding,0,0.018298
xbd:midwest-flooding,0,0.099715
xbd:midwest-flooding,0,0.001962
xbd:midwest-flooding,0,0.000473
xbd:midwest-flooding,0,0.749236
xbd:midwest-flooding,0,0.000000
xbd:midwest-flooding,0,0.000002
xbd:midwest-flooding,0,0.389862
xbd:midwest-flooding,0,0.879925
xbd:midwest-flooding,0,0.000000
xbd:midwest-flooding,0,0.707361
xbd:midwest-flooding,0,0.004342
xbd:midwest-flooding,0,0.000099
xbd:midwest-flooding,0,0.001125
xbd:midwest-flooding,0,0.019173
xbd:midwest-flooding,0,0.003683
xbd:midwest-flooding,0,0.993760
xbd:midwest-flooding,0,0.006392
xbd:midwest-flooding,0,0.933513
xbd:midwest-flooding,0,0.297769
xbd:midwest-flooding,0,0.026304
xbd:midwest-flooding,0,0.004415
xbd:midwest-flooding,0,0.031317
xbd:midwest-flooding,0,0.311883
xbd:midwest-flooding,0,0.004219
xbd:midwest-flooding,0,0.025102
xbd:midwest-flooding,0,0.001347
xbd:midwest-flooding,0,0.688292
xbd:midwest-flooding,0,0.739748
xbd:midwest-flooding,0,0.000449
xbd:midwest-flooding,0,0.952469
xbd:midwest-flooding,0,0.012486
xbd:midwest-flooding,0,0.589235
xbd:midwest-flooding,0,0.035372
xbd:midwest-flooding,0,0.458531
xbd:midwest-flooding,0,0.068770
xbd:midwest-flooding,0,0.000000
xbd:midwest-flooding,0,0.032336
xbd:midwest-flooding,0,0.561316
xbd:midwest-flooding,0,0.000060
xbd:midwest-flooding,0,0.027377
xbd:midwest-flooding,0,0.001707
xbd:midwest-flooding,0,0.307137
xbd:midwest-flooding,0,0.446175
xbd:midwest-flooding,0,0.031830
xbd:midwest-flooding,0,0.025588
xbd:midwest-flooding,0,0.017610
xbd:midwest-flooding,0,0.464864
xbd:midwest-flooding,0,0.001628
xbd:midwest-flooding,0,0.001652
xbd:midwest-flooding,0,0.000000
xbd:midwest-flooding,0,0.063955
xbd:midwest-flooding,0,0.000050
xbd:midwest-flooding,0,0.000001
xbd:midwest-flooding,0,0.000208
xbd:midwest-flooding,0,0.000101
xbd:midwest-flooding,0,0.000291
xbd:midwest-flooding,0,0.000201
xbd:midwest-flooding,0,0.317391
xbd:midwest-flooding,0,0.000003
xbd:midwest-flooding,0,0.006205
xbd:midwest-flooding,0,0.006374
xbd:midwest-flooding,0,0.000038
xbd:midwest-flooding,0,0.000112
xbd:midwest-flooding,0,0.037400
xbd:midwest-flooding,0,0.000020
xbd:midwest-flooding,0,0.679080
xbd:midwest-flooding,0,0.998981
xbd:midwest-flooding,0,0.206320
xbd:midwest-flooding,0,0.789362
xbd:midwest-flooding,0,0.000003
xbd:midwest-flooding,0,0.000020
xbd:midwest-flooding,0,0.000026
xbd:midwest-flooding,0,0.000232
xbd:midwest-flooding,0,0.052981
xbd:midwest-flooding,0,0.000321
xbd:midwest-flooding,0,0.693644
xbd:moore-tornado,0,0.000001
xbd:moore-tornado,0,0.000010
xbd:moore-tornado,0,0.000209
xbd:moore-tornado,0,0.001840
xbd:moore-tornado,0,0.000778
xbd:moore-tornado,0,0.000091
xbd:moore-tornado,0,0.000011
xbd:moore-tornado,0,0.000686
xbd:moore-tornado,0,0.000084
xbd:moore-tornado,0,0.000161
xbd:moore-tornado,0,0.000005
xbd:moore-tornado,0,0.000066
xbd:moore-tornado,0,0.000104
xbd:moore-tornado,0,0.115652
xbd:moore-tornado,0,0.000008
xbd:moore-tornado,0,0.000001
xbd:moore-tornado,0,0.000006
xbd:moore-tornado,0,0.000043
xbd:moore-tornado,0,0.000185
xbd:moore-tornado,0,0.004246
xbd:moore-tornado,0,0.000054
xbd:moore-tornado,0,0.000000
xbd:moore-tornado,0,0.001286
xbd:moore-tornado,0,0.000415
xbd:moore-tornado,0,0.000110
xbd:moore-tornado,0,0.000172
xbd:moore-tornado,0,0.000087
xbd:moore-tornado,0,0.000108
xbd:moore-tornado,0,0.000001
xbd:moore-tornado,0,0.000000
xbd:moore-tornado,0,0.000010
xbd:moore-tornado,0,0.000126
xbd:moore-tornado,0,0.000011
xbd:moore-tornado,0,0.000008
xbd:moore-tornado,0,0.000002
xbd:moore-tornado,0,0.000072
xbd:moore-tornado,0,0.000023
xbd:moore-tornado,0,0.000000
xbd:moore-tornado,0,0.000001
xbd:moore-tornado,0,0.002652
xbd:moore-tornado,0,0.000007
xbd:moore-tornado,0,0.031575
xbd:moore-tornado,0,0.000134
xbd:moore-tornado,0,0.004013
xbd:moore-tornado,0,0.000006
xbd:moore-tornado,0,0.000002
xbd:moore-tornado,0,0.000005
xbd:moore-tornado,0,0.000542
xbd:moore-tornado,0,0.001268
xbd:moore-tornado,0,0.004682
xbd:moore-tornado,0,0.000000
xbd:moore-tornado,0,0.000025
xbd:moore-tornado,0,0.000143
xbd:moore-tornado,0,0.000135
xbd:moore-tornado,0,0.000059
xbd:moore-tornado,0,0.000001
xbd:moore-tornado,0,0.002314
xbd:moore-tornado,0,0.000051
xbd:moore-tornado,0,0.000112
xbd:moore-tornado,0,0.000002
xbd:moore-tornado,0,0.000298
xbd:moore-tornado,0,0.000030
xbd:moore-tornado,0,0.000194
xbd:moore-tornado,0,0.000098
xbd:moore-tornado,0,0.000087
xbd:moore-tornado,0,0.004922
xbd:moore-tornado,0,0.000033
xbd:moore-tornado,0,0.000017
xbd:moore-tornado,0,0.000148
xbd:moore-tornado,0,0.000079
xbd:moore-tornado,0,0.000029
xbd:moore-tornado,0,0.000026
xbd:moore-tornado,0,0.000002
xbd:moore-tornado,0,0.011941
xbd:moore-tornado,0,0.000008
xbd:moore-tornado,0,0.000004
xbd:moore-tornado,0,0.000047
xbd:moore-tornado,0,0.000088
xbd:moore-tornado,0,0.000575
xbd:moore-tornado,0,0.038934
xbd:moore-tornado,0,0.000162
xbd:moore-tornado,0,0.000248
xbd:moore-tornado,0,0.000017
xbd:moore-tornado,0,0.000045
xbd:moore-tornado,0,0.000519
xbd:moore-tornado,0,0.000001
xbd:moore-tornado,0,0.000023
xbd:moore-tornado,0,0.000019
xbd:moore-tornado,0,0.003135
xbd:moore-tornado,0,0.000049
xbd:moore-tornado,0,0.000059
xbd:moore-tornado,0,0.000022
xbd:moore-tornado,0,0.001938
xbd:moore-tornado,0,0.000238
xbd:moore-tornado,0,0.000010
xbd:moore-tornado,0,0.001219
xbd:moore-tornado,0,0.000684
xbd:moore-tornado,0,0.000019
xbd:moore-tornado,0,0.047629
xbd:moore-tornado,0,0.004023
xbd:moore-tornado,0,0.000010
xbd:moore-tornado,0,0.000000
xbd:moore-tornado,0,0.000053
xbd:moore-tornado,0,0.000338
xbd:moore-tornado,0,0.000006
xbd:moore-tornado,0,0.000412
xbd:moore-tornado,0,0.010981
xbd:moore-tornado,0,0.013565
xbd:moore-tornado,0,0.000217
xbd:moore-tornado,0,0.001457
xbd:moore-tornado,0,0.000911
xbd:moore-tornado,0,0.000345
xbd:moore-tornado,0,0.000003
xbd:moore-tornado,0,0.000005
xbd:moore-tornado,0,0.001801
xbd:moore-tornado,0,0.000051
xbd:moore-tornado,0,0.022694
xbd:moore-tornado,0,0.000150
xbd:moore-tornado,0,0.000024
xbd:moore-tornado,0,0.000023
xbd:moore-tornado,0,0.000005
xbd:moore-tornado,0,0.000001
xbd:moore-tornado,0,0.000001
xbd:moore-tornado,0,0.000008
xbd:moore-tornado,0,0.005705
xbd:moore-tornado,0,0.000411
xbd:moore-tornado,0,0.000088
xbd:moore-tornado,0,0.000000
xbd:moore-tornado,0,0.000012
xbd:moore-tornado,0,0.000038
xbd:moore-tornado,0,0.000004
xbd:moore-tornado,0,0.001718
xbd:moore-tornado,0,0.016846
xbd:moore-tornado,0,0.000379
xbd:moore-tornado,0,0.000024
xbd:moore-tornado,0,0.000002
xbd:moore-tornado,0,0.000008
xbd:moore-tornado,0,0.000001
xbd:moore-tornado,0,0.000506
xbd:moore-tornado,0,0.001271
xbd:moore-tornado,0,0.000017
xbd:moore-tornado,0,0.000026
xbd:moore-tornado,0,0.000003
xbd:moore-tornado,0,0.000030
xbd:moore-tornado,0,0.000379
xbd:moore-tornado,0,0.000055
xbd:moore-tornado,0,0.000022
xbd:moore-tornado,0,0.012037
xbd:moore-tornado,0,0.000001
xbd:moore-tornado,0,0.000015
xbd:moore-tornado,0,0.000033
xbd:moore-tornado,0,0.000007
xbd:moore-tornado,0,0.000104
xbd:moore-tornado,0,0.000047
xbd:moore-tornado,0,0.000006
xbd:moore-tornado,0,0.000842
xbd:moore-tornado,0,0.000012
xbd:moore-tornado,0,0.004448
xbd:moore-tornado,0,0.000002
xbd:moore-tornado,0,0.000233
xbd:moore-tornado,0,0.000002
xbd:moore-tornado,0,0.000078
xbd:moore-tornado,0,0.000034
xbd:moore-tornado,0,0.000012
xbd:moore-tornado,0,0.000052
xbd:moore-tornado,0,0.000012
xbd:moore-tornado,0,0.000002
xbd:moore-tornado,0,0.000000
xbd:moore-tornado,0,0.000054
xbd:moore-tornado,0,0.000003
xbd:moore-tornado,0,0.000000
xbd:moore-tornado,0,0.000005
xbd:moore-tornado,0,0.000426
xbd:moore-tornado,0,0.000120
xbd:moore-tornado,0,0.000286
xbd:moore-tornado,0,0.000065
xbd:moore-tornado,0,0.000005
xbd:moore-tornado,0,0.000656
xbd:moore-tornado,0,0.000000
xbd:moore-tornado,0,0.000048
xbd:moore-tornado,0,0.000001
xbd:moore-tornado,0,0.000013
xbd:moore-tornado,0,0.000005
xbd:moore-tornado,0,0.001229
xbd:moore-tornado,0,0.000469
xbd:moore-tornado,0,0.000012
xbd:moore-tornado,0,0.000516
xbd:moore-tornado,0,0.000048
xbd:moore-tornado,0,0.000016
xbd:moore-tornado,0,0.000525
xbd:moore-tornado,0,0.000003
xbd:moore-tornado,0,0.000017
xbd:moore-tornado,0,0.105074
xbd:moore-tornado,0,0.000011
xbd:moore-tornado,0,0.000208
xbd:moore-tornado,0,0.001000
xbd:moore-tornado,0,0.000024
xbd:moore-tornado,0,0.000270
xbd:moore-tornado,0,0.000515
xbd:moore-tornado,0,0.000008
xbd:moore-tornado,0,0.267865
xbd:moore-tornado,0,0.000784
xbd:moore-tornado,0,0.001139
xbd:moore-tornado,0,0.000002
xbd:moore-tornado,0,0.000221
xbd:moore-tornado,0,0.000143
xbd:moore-tornado,0,0.000002
xbd:moore-tornado,0,0.000471
xbd:moore-tornado,0,0.002870
xbd:moore-tornado,0,0.000001
xbd:moore-tornado,0,0.000018
xbd:moore-tornado,0,0.000003
xbd:moore-tornado,0,0.028239
xbd:moore-tornado,0,0.000109
xbd:moore-tornado,0,0.000001
xbd:moore-tornado,0,0.000931
xbd:moore-tornado,0,0.000001
xbd:moore-tornado,0,0.000003
xbd:moore-tornado,0,0.000273
xbd:moore-tornado,0,0.000061
xbd:moore-tornado,0,0.201112
xbd:moore-tornado,0,0.000010
xbd:nepal-flooding,0,0.000691
xbd:nepal-flooding,0,0.085096
xbd:nepal-flooding,0,0.000151
xbd:nepal-flooding,0,0.000005
xbd:nepal-flooding,0,0.000000
xbd:nepal-flooding,0,0.000026
xbd:nepal-flooding,0,0.000023
xbd:nepal-flooding,0,0.000000
xbd:nepal-flooding,0,0.001601
xbd:nepal-flooding,0,0.000067
xbd:nepal-flooding,0,0.000538
xbd:nepal-flooding,0,0.000243
xbd:nepal-flooding,0,0.028047
xbd:nepal-flooding,0,0.000001
xbd:nepal-flooding,0,0.006242
xbd:nepal-flooding,0,0.001249
xbd:nepal-flooding,0,0.031120
xbd:nepal-flooding,0,0.005969
xbd:nepal-flooding,0,0.000341
xbd:nepal-flooding,0,0.000001
xbd:nepal-flooding,0,0.009234
xbd:nepal-flooding,0,0.043427
xbd:nepal-flooding,0,0.001346
xbd:nepal-flooding,0,0.000069
xbd:nepal-flooding,0,0.000001
xbd:nepal-flooding,0,0.000004
xbd:nepal-flooding,0,0.000079
xbd:nepal-flooding,0,0.000197
xbd:nepal-flooding,0,0.012321
xbd:nepal-flooding,0,0.009005
xbd:nepal-flooding,0,0.019421
xbd:nepal-flooding,0,0.007293
xbd:nepal-flooding,0,0.000019
xbd:nepal-flooding,0,0.330871
xbd:nepal-flooding,0,0.000007
xbd:nepal-flooding,0,0.000022
xbd:nepal-flooding,0,0.000120
xbd:nepal-flooding,0,0.000048
xbd:nepal-flooding,0,0.000006
xbd:nepal-flooding,0,0.000138
xbd:nepal-flooding,0,0.000960
xbd:nepal-flooding,0,0.038429
xbd:nepal-flooding,0,0.000086
xbd:nepal-flooding,0,0.000175
xbd:nepal-flooding,0,0.032433
xbd:nepal-flooding,0,0.000013
xbd:nepal-flooding,0,0.000228
xbd:nepal-flooding,0,0.053969
xbd:nepal-flooding,0,0.001495
xbd:nepal-flooding,0,0.000010
xbd:nepal-flooding,0,0.000018
xbd:nepal-flooding,0,0.019083
xbd:nepal-flooding,0,0.000006
xbd:nepal-flooding,0,0.192604
xbd:nepal-flooding,0,0.000008
xbd:nepal-flooding,0,0.000002
xbd:nepal-flooding,0,0.000009
xbd:nepal-flooding,0,0.000016
xbd:nepal-flooding,0,0.000006
xbd:nepal-flooding,0,0.000078
xbd:nepal-flooding,0,0.000163
xbd:nepal-flooding,0,0.000056
xbd:nepal-flooding,0,0.000004
xbd:nepal-flooding,0,0.000008
xbd:nepal-flooding,0,0.000066
xbd:nepal-flooding,0,0.007141
xbd:nepal-flooding,0,0.000163
xbd:nepal-flooding,0,0.000768
xbd:nepal-flooding,0,0.000962
xbd:nepal-flooding,0,0.003511
xbd:nepal-flooding,0,0.000208
xbd:nepal-flooding,0,0.079197
xbd:nepal-flooding,0,0.000002
xbd:nepal-flooding,0,0.000456
xbd:nepal-flooding,0,0.000012
xbd:nepal-flooding,0,0.001537
xbd:nepal-flooding,0,0.003739
xbd:nepal-flooding,0,0.000540
xbd:nepal-flooding,0,0.000000
xbd:nepal-flooding,0,0.001073
xbd:nepal-flooding,0,0.000000
xbd:nepal-flooding,0,0.015037
xbd:nepal-flooding,0,0.002938
xbd:nepal-flooding,0,0.004226
xbd:nepal-flooding,0,0.007257
xbd:nepal-flooding,0,0.000088
xbd:nepal-flooding,0,0.000000
xbd:nepal-flooding,0,0.067843
xbd:nepal-flooding,0,0.376276
xbd:nepal-flooding,0,0.000833
xbd:nepal-flooding,0,0.563672
xbd:nepal-flooding,0,0.322387
xbd:nepal-flooding,0,0.000029
xbd:nepal-flooding,0,0.001135
xbd:nepal-flooding,0,0.000132
xbd:nepal-flooding,0,0.000359
xbd:nepal-flooding,0,0.000063
xbd:nepal-flooding,0,0.000005
xbd:nepal-flooding,0,0.000032
xbd:nepal-flooding,0,0.008222
xbd:nepal-flooding,0,0.000156
xbd:nepal-flooding,0,0.000010
xbd:nepal-flooding,0,0.000945
xbd:nepal-flooding,0,0.090728
xbd:nepal-flooding,0,0.000221
xbd:nepal-flooding,0,0.000029
xbd:nepal-flooding,0,0.000063
xbd:nepal-flooding,0,0.000301
xbd:nepal-flooding,0,0.000000
xbd:nepal-flooding,0,0.023472
xbd:nepal-flooding,0,0.000201
xbd:nepal-flooding,0,0.399912
xbd:nepal-flooding,0,0.000003
xbd:nepal-flooding,0,0.004069
xbd:nepal-flooding,0,0.002627
xbd:nepal-flooding,0,0.000004
xbd:nepal-flooding,0,0.000056
xbd:nepal-flooding,0,0.009145
xbd:nepal-flooding,0,0.000020
xbd:nepal-flooding,0,0.000875
xbd:nepal-flooding,0,0.000024
xbd:nepal-flooding,0,0.000077
xbd:nepal-flooding,0,0.000011
xbd:nepal-flooding,0,0.000433
xbd:nepal-flooding,0,0.000000
xbd:nepal-flooding,0,0.017942
xbd:nepal-flooding,0,0.019472
xbd:nepal-flooding,0,0.000004
xbd:nepal-flooding,0,0.000011
xbd:nepal-flooding,0,0.001392
xbd:nepal-flooding,0,0.007414
xbd:nepal-flooding,0,0.000444
xbd:nepal-flooding,0,0.000060
xbd:nepal-flooding,0,0.068830
xbd:nepal-flooding,0,0.000002
xbd:nepal-flooding,0,0.000640
xbd:nepal-flooding,0,0.000019
xbd:nepal-flooding,0,0.006020
xbd:nepal-flooding,0,0.000002
xbd:nepal-flooding,0,0.002305
xbd:nepal-flooding,0,0.002784
xbd:nepal-flooding,0,0.011737
xbd:nepal-flooding,0,0.039847
xbd:nepal-flooding,0,0.006910
xbd:nepal-flooding,0,0.015882
xbd:nepal-flooding,0,0.000000
xbd:nepal-flooding,0,0.000008
xbd:nepal-flooding,0,0.005875
xbd:nepal-flooding,0,0.011096
xbd:nepal-flooding,0,0.001066
xbd:nepal-flooding,0,0.000125
xbd:nepal-flooding,0,0.000240
xbd:nepal-flooding,0,0.000015
xbd:nepal-flooding,0,0.000008
xbd:nepal-flooding,0,0.000002
xbd:nepal-flooding,0,0.000548
xbd:nepal-flooding,0,0.000011
xbd:nepal-flooding,0,0.000067
xbd:nepal-flooding,0,0.000064
xbd:nepal-flooding,0,0.000091
xbd:nepal-flooding,0,0.000258
xbd:nepal-flooding,0,0.000198
xbd:nepal-flooding,0,0.000000
xbd:nepal-flooding,0,0.020553
xbd:nepal-flooding,0,0.000860
xbd:nepal-flooding,0,0.001285
xbd:nepal-flooding,0,0.655776
xbd:nepal-flooding,0,0.011758
xbd:nepal-flooding,0,0.000032
xbd:nepal-flooding,0,0.000109
xbd:nepal-flooding,0,0.046924
xbd:nepal-flooding,0,0.000343
xbd:nepal-flooding,0,0.011266
xbd:nepal-flooding,0,0.931248
xbd:nepal-flooding,0,0.000697
xbd:nepal-flooding,0,0.000271
xbd:nepal-flooding,0,0.000043
xbd:nepal-flooding,0,0.000008
xbd:nepal-flooding,0,0.000049
xbd:nepal-flooding,0,0.000061
xbd:nepal-flooding,0,0.170545
xbd:nepal-flooding,0,0.041887
xbd:nepal-flooding,0,0.002934
xbd:nepal-flooding,0,0.057038
xbd:nepal-flooding,0,0.000032
xbd:nepal-flooding,0,0.000155
xbd:nepal-flooding,0,0.095883
xbd:nepal-flooding,0,0.016281
xbd:nepal-flooding,0,0.013700
xbd:nepal-flooding,0,0.000049
xbd:nepal-flooding,0,0.001233
xbd:nepal-flooding,0,0.000161
xbd:nepal-flooding,0,0.011017
xbd:nepal-flooding,0,0.001455
xbd:nepal-flooding,0,0.005023
xbd:nepal-flooding,0,0.000338
xbd:nepal-flooding,0,0.001109
xbd:nepal-flooding,0,0.315206
xbd:nepal-flooding,0,0.000142
xbd:nepal-flooding,0,0.000040
xbd:nepal-flooding,0,0.000206
xbd:nepal-flooding,0,0.006268
xbd:nepal-flooding,0,0.000862
xbd:nepal-flooding,0,0.000293
xbd:nepal-flooding,0,0.000058
xbd:nepal-flooding,0,0.000096
xbd:nepal-flooding,0,0.000344
xbd:nepal-flooding,0,0.000092
xbd:nepal-flooding,0,0.001488
xbd:nepal-flooding,0,0.942361
xbd:nepal-flooding,0,0.023311
xbd:nepal-flooding,0,0.000000
xbd:nepal-flooding,0,0.006421
xbd:nepal-flooding,0,0.037356
xbd:nepal-flooding,0,0.000008
xbd:nepal-flooding,0,0.000417
xbd:nepal-flooding,0,0.000000
xbd:nepal-flooding,0,0.000024
xbd:nepal-flooding,0,0.000767
xbd:nepal-flooding,0,0.000047
xbd:nepal-flooding,0,0.112174
xbd:nepal-flooding,0,0.001150
xbd:nepal-flooding,0,0.000248
xbd:nepal-flooding,0,0.000015
xbd:nepal-flooding,0,0.000099
xbd:nepal-flooding,0,0.000011
xbd:nepal-flooding,0,0.001306
xbd:nepal-flooding,0,0.000363
xbd:nepal-flooding,0,0.000220
xbd:nepal-flooding,0,0.005364
xbd:nepal-flooding,0,0.000121
xbd:nepal-flooding,0,0.964826
xbd:nepal-flooding,0,0.000043
xbd:nepal-flooding,0,0.000000
xbd:nepal-flooding,0,0.000050
xbd:nepal-flooding,0,0.000386
xbd:nepal-flooding,0,0.000678
xbd:nepal-flooding,0,0.002293
xbd:nepal-flooding,0,0.575475
xbd:nepal-flooding,0,0.000584
xbd:nepal-flooding,0,0.026826
xbd:nepal-flooding,0,0.000440
xbd:nepal-flooding,0,0.000567
xbd:nepal-flooding,0,0.006720
xbd:nepal-flooding,0,0.000012
xbd:nepal-flooding,0,0.000592
xbd:nepal-flooding,0,0.077259
xbd:nepal-flooding,0,0.000043
xbd:nepal-flooding,0,0.000568
xbd:nepal-flooding,0,0.000030
xbd:nepal-flooding,0,0.219408
xbd:nepal-flooding,0,0.000008
xbd:nepal-flooding,0,0.000432
xbd:nepal-flooding,0,0.000011
xbd:nepal-flooding,0,0.000008
xbd:nepal-flooding,0,0.035521
xbd:nepal-flooding,0,0.000918
xbd:nepal-flooding,0,0.004150
xbd:nepal-flooding,0,0.059662
xbd:nepal-flooding,0,0.000888
xbd:nepal-flooding,0,0.000119
xbd:nepal-flooding,0,0.000763
xbd:nepal-flooding,0,0.040001
xbd:nepal-flooding,0,0.017581
xbd:nepal-flooding,0,0.018834
xbd:nepal-flooding,0,0.006129
xbd:nepal-flooding,0,0.007980
xbd:nepal-flooding,0,0.000001
xbd:nepal-flooding,0,0.000027
xbd:nepal-flooding,0,0.000619
xbd:nepal-flooding,0,0.000806
xbd:nepal-flooding,0,0.970073
xbd:nepal-flooding,0,0.000098
xbd:nepal-flooding,0,0.005086
xbd:nepal-flooding,0,0.000004
xbd:nepal-flooding,0,0.121911
xbd:nepal-flooding,0,0.004611
xbd:nepal-flooding,0,0.000456
xbd:nepal-flooding,0,0.000118
xbd:nepal-flooding,0,0.000002
xbd:nepal-flooding,0,0.002056
xbd:nepal-flooding,0,0.000001
xbd:nepal-flooding,0,0.000002
xbd:nepal-flooding,0,0.000040
xbd:nepal-flooding,0,0.000623
xbd:nepal-flooding,0,0.006914
xbd:nepal-flooding,0,0.000404
xbd:nepal-flooding,0,0.033203
xbd:nepal-flooding,0,0.003909
xbd:nepal-flooding,0,0.003961
xbd:nepal-flooding,0,0.000404
xbd:nepal-flooding,0,0.000103
xbd:nepal-flooding,0,0.000163
xbd:nepal-flooding,0,0.012189
xbd:nepal-flooding,0,0.000008
xbd:nepal-flooding,0,0.000003
xbd:nepal-flooding,0,0.000513
xbd:nepal-flooding,0,0.001054
xbd:nepal-flooding,0,0.000119
xbd:nepal-flooding,0,0.002249
xbd:nepal-flooding,0,0.000320
xbd:nepal-flooding,0,0.000199
xbd:nepal-flooding,0,0.000001
xbd:nepal-flooding,0,0.001232
xbd:nepal-flooding,0,0.004075
xbd:nepal-flooding,0,0.000130
xbd:nepal-flooding,0,0.000008
xbd:nepal-flooding,0,0.240418
xbd:nepal-flooding,0,0.004029
xbd:nepal-flooding,0,0.000513
xbd:nepal-flooding,0,0.004616
xbd:nepal-flooding,0,0.000160
xbd:nepal-flooding,0,0.890724
xbd:nepal-flooding,0,0.000045
xbd:nepal-flooding,0,0.008881
xbd:nepal-flooding,0,0.011522
xbd:nepal-flooding,0,0.000051
xbd:nepal-flooding,0,0.116392
xbd:nepal-flooding,0,0.000028
xbd:nepal-flooding,0,0.000070
xbd:nepal-flooding,0,0.004777
xbd:nepal-flooding,0,0.001884
xbd:nepal-flooding,0,0.000771
xbd:nepal-flooding,0,0.041295
xbd:nepal-flooding,0,0.001190
xbd:nepal-flooding,0,0.039808
xbd:nepal-flooding,0,0.000004
xbd:nepal-flooding,0,0.007683
xbd:nepal-flooding,0,0.000111
xbd:nepal-flooding,0,0.000038
xbd:nepal-flooding,0,0.000003
xbd:nepal-flooding,0,0.017257
xbd:nepal-flooding,0,0.000010
xbd:nepal-flooding,0,0.012987
xbd:nepal-flooding,0,0.003825
xbd:nepal-flooding,0,0.000101
xbd:nepal-flooding,0,0.006543
xbd:nepal-flooding,0,0.000014
xbd:nepal-flooding,0,0.137411
xbd:nepal-flooding,0,0.006765
xbd:nepal-flooding,0,0.000004
xbd:nepal-flooding,0,0.000083
xbd:nepal-flooding,0,0.826556
xbd:nepal-flooding,0,0.000090
xbd:nepal-flooding,0,0.157199
xbd:nepal-flooding,0,0.000002
xbd:nepal-flooding,0,0.000509
xbd:nepal-flooding,0,0.000015
xbd:nepal-flooding,0,0.000056
xbd:nepal-flooding,0,0.000686
xbd:nepal-flooding,0,0.001171
xbd:nepal-flooding,0,0.000202
xbd:nepal-flooding,0,0.000112
xbd:nepal-flooding,0,0.982226
xbd:nepal-flooding,0,0.002709
xbd:nepal-flooding,0,0.001767
xbd:nepal-flooding,0,0.247749
xbd:nepal-flooding,0,0.000002
xbd:nepal-flooding,0,0.000123
xbd:nepal-flooding,0,0.000046
xbd:nepal-flooding,0,0.000005
xbd:nepal-flooding,0,0.000635
xbd:nepal-flooding,0,0.000236
xbd:nepal-flooding,0,0.000417
xbd:nepal-flooding,0,0.595537
xbd:nepal-flooding,0,0.000730
xbd:nepal-flooding,0,0.022251
xbd:nepal-flooding,0,0.000000
xbd:nepal-flooding,0,0.000000
xbd:nepal-flooding,0,0.061768
xbd:nepal-flooding,0,0.000039
xbd:nepal-flooding,0,0.000013
xbd:nepal-flooding,0,0.000007
xbd:nepal-flooding,0,0.006050
xbd:nepal-flooding,0,0.004246
xbd:nepal-flooding,0,0.000053
xbd:nepal-flooding,0,0.000160
xbd:nepal-flooding,0,0.008235
xbd:nepal-flooding,0,0.000011
xbd:nepal-flooding,0,0.000002
xbd:nepal-flooding,0,0.010992
xbd:nepal-flooding,0,0.000002
xbd:nepal-flooding,0,0.000581
xbd:nepal-flooding,0,0.000007
xbd:nepal-flooding,0,0.008524
xbd:nepal-flooding,0,0.000158
xbd:nepal-flooding,0,0.004084
xbd:nepal-flooding,0,0.000245
xbd:nepal-flooding,0,0.001747
xbd:nepal-flooding,0,0.262979
xbd:nepal-flooding,0,0.000047
xbd:nepal-flooding,0,0.000034
xbd:nepal-flooding,0,0.000520
xbd:nepal-flooding,0,0.000001
xbd:nepal-flooding,0,0.000011
xbd:nepal-flooding,0,0.000019
xbd:nepal-flooding,0,0.000109
xbd:nepal-flooding,0,0.000246
xbd:nepal-flooding,0,0.159738
xbd:nepal-flooding,0,0.002059
xbd:nepal-flooding,0,0.000020
xbd:nepal-flooding,0,0.000520
xbd:nepal-flooding,0,0.000195
xbd:nepal-flooding,0,0.000112
xbd:nepal-flooding,0,0.000081
xbd:nepal-flooding,0,0.000000
xbd:nepal-flooding,0,0.000215
xbd:nepal-flooding,0,0.002011
xbd:nepal-flooding,0,0.020636
xbd:nepal-flooding,0,0.000492
xbd:nepal-flooding,0,0.123639
xbd:nepal-flooding,0,0.000063
xbd:nepal-flooding,0,0.000006
xbd:nepal-flooding,0,0.001817
xbd:nepal-flooding,0,0.000017
xbd:nepal-flooding,0,0.319606
xbd:nepal-flooding,0,0.000012
xbd:nepal-flooding,0,0.000044
xbd:nepal-flooding,0,0.338185
xbd:nepal-flooding,0,0.000205
xbd:nepal-flooding,0,0.000002
xbd:nepal-flooding,0,0.000002
xbd:nepal-flooding,0,0.000000
xbd:nepal-flooding,0,0.000339
xbd:nepal-flooding,0,0.000068
xbd:nepal-flooding,0,0.993154
xbd:nepal-flooding,0,0.000441
xbd:nepal-flooding,0,0.009100
xbd:nepal-flooding,0,0.000020
xbd:nepal-flooding,0,0.151606
xbd:nepal-flooding,0,0.000045
xbd:nepal-flooding,0,0.006298
xbd:nepal-flooding,0,0.000036
xbd:nepal-flooding,0,0.000113
xbd:nepal-flooding,0,0.996089
xbd:nepal-flooding,0,0.000001
xbd:nepal-flooding,0,0.269765
xbd:nepal-flooding,0,0.003759
xbd:nepal-flooding,0,0.001075
xbd:nepal-flooding,0,0.000254
xbd:nepal-flooding,0,0.000928
xbd:nepal-flooding,0,0.000027
xbd:nepal-flooding,0,0.000004
xbd:nepal-flooding,0,0.003582
xbd:nepal-flooding,0,0.000011
xbd:nepal-flooding,0,0.050204
xbd:nepal-flooding,0,0.000162
xbd:nepal-flooding,0,0.235823
xbd:nepal-flooding,0,0.004158
xbd:nepal-flooding,0,0.000003
xbd:nepal-flooding,0,0.007829
xbd:nepal-flooding,0,0.000120
xbd:nepal-flooding,0,0.637327
xbd:nepal-flooding,0,0.903183
xbd:nepal-flooding,0,0.008829
xbd:nepal-flooding,0,0.015081
xbd:nepal-flooding,0,0.000000
xbd:nepal-flooding,0,0.000377
xbd:nepal-flooding,0,0.000133
xbd:nepal-flooding,0,0.000764
xbd:nepal-flooding,0,0.000135
xbd:nepal-flooding,0,0.000183
xbd:nepal-flooding,0,0.000011
xbd:nepal-flooding,0,0.003235
xbd:nepal-flooding,0,0.000009
xbd:nepal-flooding,0,0.002566
xbd:nepal-flooding,0,0.568546
xbd:nepal-flooding,0,0.000062
xbd:nepal-flooding,0,0.001312
xbd:nepal-flooding,0,0.060957
xbd:nepal-flooding,0,0.000013
xbd:nepal-flooding,0,0.000006
xbd:nepal-flooding,0,0.004854
xbd:nepal-flooding,0,0.000002
xbd:nepal-flooding,0,0.000005
xbd:nepal-flooding,0,0.000135
xbd:nepal-flooding,0,0.027893
xbd:nepal-flooding,0,0.000023
xbd:nepal-flooding,0,0.000491
xbd:nepal-flooding,0,0.000015
xbd:nepal-flooding,0,0.001137
xbd:nepal-flooding,0,0.000037
xbd:nepal-flooding,0,0.000009
xbd:nepal-flooding,0,0.000539
xbd:nepal-flooding,0,0.000189
xbd:nepal-flooding,0,0.007158
xbd:nepal-flooding,0,0.000037
xbd:nepal-flooding,0,0.098209
xbd:nepal-flooding,0,0.012651
xbd:nepal-flooding,0,0.231567
xbd:nepal-flooding,0,0.002639
xbd:nepal-flooding,0,0.000603
xbd:nepal-flooding,0,0.000000
xbd:nepal-flooding,0,0.000045
xbd:nepal-flooding,0,0.002694
xbd:nepal-flooding,0,0.000000
xbd:nepal-flooding,0,0.004170
xbd:nepal-flooding,0,0.002092
xbd:nepal-flooding,0,0.000074
xbd:nepal-flooding,0,0.000028
xbd:nepal-flooding,0,0.001970
xbd:nepal-flooding,0,0.011993
xbd:nepal-flooding,0,0.019810
xbd:nepal-flooding,0,0.000051
xbd:nepal-flooding,0,0.000001
xbd:nepal-flooding,0,0.081032
xbd:nepal-flooding,0,0.000281
xbd:nepal-flooding,0,0.001078
xbd:nepal-flooding,0,0.232886
xbd:nepal-flooding,0,0.000096
xbd:nepal-flooding,0,0.006132
xbd:nepal-flooding,0,0.000006
xbd:nepal-flooding,0,0.000004
xbd:nepal-flooding,0,0.031020
xbd:nepal-flooding,0,0.000421
xbd:nepal-flooding,0,0.006575
xbd:nepal-flooding,0,0.000358
xbd:nepal-flooding,0,0.000682
xbd:nepal-flooding,0,0.001474
xbd:nepal-flooding,0,0.000002
xbd:nepal-flooding,0,0.946652
xbd:nepal-flooding,0,0.001012
xbd:nepal-flooding,0,0.741073
xbd:nepal-flooding,0,0.003329
xbd:nepal-flooding,0,0.203673
xbd:nepal-flooding,0,0.000457
xbd:nepal-flooding,0,0.033718
xbd:nepal-flooding,0,0.000076
xbd:nepal-flooding,0,0.003866
xbd:nepal-flooding,0,0.000001
xbd:nepal-flooding,0,0.000127
xbd:nepal-flooding,0,0.002415
xbd:nepal-flooding,0,0.002908
xbd:nepal-flooding,0,0.122731
xbd:nepal-flooding,0,0.000315
xbd:nepal-flooding,0,0.037203
xbd:nepal-flooding,0,0.000160
xbd:nepal-flooding,0,0.000777
xbd:nepal-flooding,0,0.071215
xbd:nepal-flooding,0,0.000079
xbd:nepal-flooding,0,0.001065
xbd:nepal-flooding,0,0.027621
xbd:nepal-flooding,0,0.002034
xbd:nepal-flooding,0,0.288825
xbd:nepal-flooding,0,0.000002
xbd:nepal-flooding,0,0.007552
xbd:nepal-flooding,0,0.000082
xbd:nepal-flooding,0,0.000009
xbd:nepal-flooding,0,0.158352
xbd:nepal-flooding,0,0.000076
xbd:nepal-flooding,0,0.343012
xbd:nepal-flooding,0,0.000115
xbd:nepal-flooding,0,0.000081
xbd:nepal-flooding,0,0.005653
xbd:nepal-flooding,0,0.150645
xbd:nepal-flooding,0,0.004268
xbd:nepal-flooding,0,0.010570
xbd:nepal-flooding,0,0.000001
xbd:nepal-flooding,0,0.000013
xbd:nepal-flooding,0,0.567098
xbd:nepal-flooding,0,0.000270
xbd:nepal-flooding,0,0.000003
xbd:nepal-flooding,0,0.000010
xbd:nepal-flooding,0,0.000001
xbd:nepal-flooding,0,0.060485
xbd:nepal-flooding,0,0.000399
xbd:nepal-flooding,0,0.006000
xbd:nepal-flooding,0,0.003387
xbd:nepal-flooding,0,0.030379
xbd:nepal-flooding,0,0.034816
xbd:nepal-flooding,0,0.011407
xbd:nepal-flooding,0,0.048971
xbd:nepal-flooding,0,0.000001
xbd:nepal-flooding,0,0.000086
xbd:nepal-flooding,0,0.000039
xbd:nepal-flooding,0,0.000065
xbd:palu-tsunami,0,0.000132
xbd:palu-tsunami,0,0.933354
xbd:palu-tsunami,0,0.791112
xbd:palu-tsunami,0,0.031754
xbd:palu-tsunami,0,0.000106
xbd:palu-tsunami,0,0.000276
xbd:palu-tsunami,0,0.073653
xbd:palu-tsunami,0,0.241557
xbd:palu-tsunami,0,0.043599
xbd:palu-tsunami,0,0.747722
xbd:palu-tsunami,0,0.295855
xbd:palu-tsunami,0,0.212431
xbd:palu-tsunami,0,0.000023
xbd:palu-tsunami,0,0.643247
xbd:palu-tsunami,0,0.110801
xbd:palu-tsunami,0,0.004261
xbd:palu-tsunami,0,0.000012
xbd:palu-tsunami,0,0.664391
xbd:palu-tsunami,0,0.000572
xbd:palu-tsunami,0,0.488203
xbd:palu-tsunami,0,0.959327
xbd:palu-tsunami,0,0.000800
xbd:palu-tsunami,0,0.250636
xbd:palu-tsunami,0,0.676410
xbd:palu-tsunami,0,0.995898
xbd:palu-tsunami,0,0.036431
xbd:palu-tsunami,0,0.199225
xbd:palu-tsunami,0,0.994790
xbd:palu-tsunami,0,0.591943
xbd:palu-tsunami,0,0.000027
xbd:palu-tsunami,0,0.006616
xbd:palu-tsunami,0,0.000001
xbd:palu-tsunami,0,0.900962
xbd:palu-tsunami,0,0.940981
xbd:palu-tsunami,0,0.000006
xbd:palu-tsunami,0,0.001191
xbd:palu-tsunami,0,0.004407
xbd:palu-tsunami,0,0.354335
xbd:palu-tsunami,0,0.014744
xbd:palu-tsunami,0,0.993659
xbd:palu-tsunami,0,0.144764
xbd:palu-tsunami,0,0.001891
xbd:palu-tsunami,0,0.059366
xbd:palu-tsunami,0,0.792279
xbd:palu-tsunami,0,0.000169
xbd:palu-tsunami,0,0.000901
xbd:palu-tsunami,0,0.984766
xbd:palu-tsunami,0,0.072573
xbd:palu-tsunami,0,0.243249
xbd:palu-tsunami,0,0.000758
xbd:palu-tsunami,0,0.000009
xbd:palu-tsunami,0,0.072538
xbd:palu-tsunami,0,0.050441
xbd:palu-tsunami,0,0.000339
xbd:palu-tsunami,0,0.024272
xbd:palu-tsunami,0,0.998400
xbd:palu-tsunami,0,0.026861
xbd:palu-tsunami,0,0.168614
xbd:palu-tsunami,0,0.995336
xbd:palu-tsunami,0,0.006498
xbd:palu-tsunami,0,0.999008
xbd:palu-tsunami,0,0.052614
xbd:palu-tsunami,0,0.031883
xbd:palu-tsunami,0,0.884126
xbd:palu-tsunami,0,0.798201
xbd:palu-tsunami,0,0.699477
xbd:palu-tsunami,0,0.279050
xbd:palu-tsunami,0,0.000078
xbd:palu-tsunami,0,0.000514
xbd:palu-tsunami,0,0.982217
xbd:palu-tsunami,0,0.006797
xbd:palu-tsunami,0,0.013788
xbd:palu-tsunami,0,0.982503
xbd:palu-tsunami,0,0.976280
xbd:palu-tsunami,0,0.000417
xbd:palu-tsunami,0,0.069707
xbd:palu-tsunami,0,0.051093
xbd:palu-tsunami,0,0.002372
xbd:palu-tsunami,0,0.000191
xbd:palu-tsunami,0,0.083237
xbd:palu-tsunami,0,0.277632
xbd:palu-tsunami,0,0.000508
xbd:palu-tsunami,0,0.998374
xbd:palu-tsunami,0,0.000154
xbd:palu-tsunami,0,0.041257
xbd:palu-tsunami,0,0.026032
xbd:palu-tsunami,0,0.053424
xbd:palu-tsunami,0,0.999839
xbd:palu-tsunami,0,0.215973
xbd:palu-tsunami,0,0.144154
xbd:palu-tsunami,0,0.982706
xbd:palu-tsunami,0,0.000032
xbd:palu-tsunami,0,0.099644
xbd:palu-tsunami,0,0.994869
xbd:palu-tsunami,0,0.051605
xbd:palu-tsunami,0,0.275226
xbd:palu-tsunami,0,0.259321
xbd:palu-tsunami,0,0.000044
xbd:palu-tsunami,0,0.001944
xbd:palu-tsunami,0,0.389113
xbd:palu-tsunami,0,0.999932
xbd:palu-tsunami,0,0.108993
xbd:palu-tsunami,0,0.674740
xbd:palu-tsunami,0,0.196002
xbd:palu-tsunami,0,0.999961
xbd:palu-tsunami,0,0.185252
xbd:palu-tsunami,0,0.677563
xbd:palu-tsunami,0,0.000596
xbd:palu-tsunami,0,0.002124
xbd:palu-tsunami,0,0.000045
xbd:palu-tsunami,0,0.122543
xbd:pinery-bushfire,1,0.524501
xbd:pinery-bushfire,1,0.001546
xbd:pinery-bushfire,1,0.016957
xbd:pinery-bushfire,1,0.004494
xbd:pinery-bushfire,1,0.000468
xbd:pinery-bushfire,1,0.000965
xbd:pinery-bushfire,1,0.169526
xbd:pinery-bushfire,1,0.032071
xbd:pinery-bushfire,1,0.003424
xbd:pinery-bushfire,1,0.428138
xbd:pinery-bushfire,1,0.002037
xbd:pinery-bushfire,1,0.115703
xbd:pinery-bushfire,1,0.097478
xbd:pinery-bushfire,1,0.046796
xbd:pinery-bushfire,1,0.041125
xbd:pinery-bushfire,1,0.000031
xbd:pinery-bushfire,1,0.000155
xbd:pinery-bushfire,1,0.329701
xbd:pinery-bushfire,1,0.000015
xbd:pinery-bushfire,1,0.000010
xbd:pinery-bushfire,1,0.000000
xbd:pinery-bushfire,1,0.008896
xbd:pinery-bushfire,1,0.000008
xbd:pinery-bushfire,1,0.009446
xbd:pinery-bushfire,1,0.025277
xbd:pinery-bushfire,1,0.003387
xbd:pinery-bushfire,1,0.049726
xbd:pinery-bushfire,1,0.011439
xbd:pinery-bushfire,1,0.962243
xbd:pinery-bushfire,1,0.006640
xbd:pinery-bushfire,1,0.000003
xbd:pinery-bushfire,1,0.000014
xbd:pinery-bushfire,1,0.073207
xbd:pinery-bushfire,1,0.187420
xbd:pinery-bushfire,1,0.169478
xbd:pinery-bushfire,1,0.000042
xbd:pinery-bushfire,1,0.000052
xbd:pinery-bushfire,1,0.105901
xbd:pinery-bushfire,1,0.041775
xbd:pinery-bushfire,1,0.998055
xbd:pinery-bushfire,1,0.000339
xbd:pinery-bushfire,1,0.001548
xbd:pinery-bushfire,1,0.980577
xbd:pinery-bushfire,1,0.830018
xbd:pinery-bushfire,1,0.000333
xbd:pinery-bushfire,1,0.996786
xbd:pinery-bushfire,1,0.806484
xbd:pinery-bushfire,1,0.064571
xbd:pinery-bushfire,1,0.010893
xbd:pinery-bushfire,1,0.000663
xbd:pinery-bushfire,1,0.066842
xbd:pinery-bushfire,1,0.000077
xbd:pinery-bushfire,1,0.000043
xbd:pinery-bushfire,1,0.888528
xbd:pinery-bushfire,1,0.595638
xbd:pinery-bushfire,1,0.002180
xbd:pinery-bushfire,1,0.117203
xbd:pinery-bushfire,1,0.021625
xbd:pinery-bushfire,1,0.954716
xbd:pinery-bushfire,1,0.195724
xbd:pinery-bushfire,1,0.761995
xbd:pinery-bushfire,1,0.001307
xbd:pinery-bushfire,1,0.255690
xbd:pinery-bushfire,1,0.450154
xbd:pinery-bushfire,1,0.087142
xbd:pinery-bushfire,1,0.971560
xbd:pinery-bushfire,1,0.898532
xbd:pinery-bushfire,1,0.000105
xbd:pinery-bushfire,1,0.002275
xbd:pinery-bushfire,1,0.020278
xbd:pinery-bushfire,1,0.000066
xbd:pinery-bushfire,1,0.007618
xbd:pinery-bushfire,1,0.106966
xbd:pinery-bushfire,1,0.778169
xbd:pinery-bushfire,1,0.004816
xbd:pinery-bushfire,1,0.009641
xbd:pinery-bushfire,1,0.999249
xbd:pinery-bushfire,1,0.001505
xbd:pinery-bushfire,1,0.579679
xbd:pinery-bushfire,1,0.320915
xbd:pinery-bushfire,1,0.010319
xbd:pinery-bushfire,1,0.572558
xbd:pinery-bushfire,1,0.964231
xbd:pinery-bushfire,1,0.000018
xbd:pinery-bushfire,1,0.019595
xbd:pinery-bushfire,1,0.625217
xbd:pinery-bushfire,1,0.000026
xbd:pinery-bushfire,1,0.999933
xbd:pinery-bushfire,1,0.005009
xbd:pinery-bushfire,1,0.002667
xbd:pinery-bushfire,1,0.088344
xbd:pinery-bushfire,1,0.000251
xbd:pinery-bushfire,1,0.000028
xbd:pinery-bushfire,1,0.000304
xbd:pinery-bushfire,1,0.066768
xbd:pinery-bushfire,1,0.014243
xbd:pinery-bushfire,1,0.996944
xbd:pinery-bushfire,1,0.000647
xbd:pinery-bushfire,1,0.000390
xbd:pinery-bushfire,1,0.000489
xbd:pinery-bushfire,1,0.002250
xbd:pinery-bushfire,1,0.000004
xbd:pinery-bushfire,1,0.002453
xbd:pinery-bushfire,1,0.979156
xbd:pinery-bushfire,1,0.000073
xbd:pinery-bushfire,1,0.011116
xbd:pinery-bushfire,1,0.008337
xbd:pinery-bushfire,1,0.000004
xbd:pinery-bushfire,1,0.000023
xbd:pinery-bushfire,1,0.007307
xbd:pinery-bushfire,1,0.005500
xbd:pinery-bushfire,1,0.000009
xbd:pinery-bushfire,1,0.689297
xbd:pinery-bushfire,1,0.003275
xbd:pinery-bushfire,1,0.996242
xbd:pinery-bushfire,1,0.051526
xbd:pinery-bushfire,1,0.011773
xbd:pinery-bushfire,1,0.027133
xbd:pinery-bushfire,1,0.018427
xbd:pinery-bushfire,1,0.002574
xbd:pinery-bushfire,1,0.000377
xbd:pinery-bushfire,1,0.354633
xbd:pinery-bushfire,1,0.990971
xbd:pinery-bushfire,1,0.000880
xbd:pinery-bushfire,1,0.000757
xbd:pinery-bushfire,1,0.001512
xbd:pinery-bushfire,1,0.000737
xbd:pinery-bushfire,1,0.001865
xbd:pinery-bushfire,1,0.752171
xbd:pinery-bushfire,1,0.003693
xbd:pinery-bushfire,1,0.144831
xbd:pinery-bushfire,1,0.005917
xbd:pinery-bushfire,1,0.002128
xbd:pinery-bushfire,1,0.821492
xbd:pinery-bushfire,1,0.726047
xbd:pinery-bushfire,1,0.000233
xbd:pinery-bushfire,1,0.877083
xbd:pinery-bushfire,1,0.042537
xbd:pinery-bushfire,1,0.002013
xbd:pinery-bushfire,1,0.194578
xbd:pinery-bushfire,1,0.098898
xbd:pinery-bushfire,1,0.166919
xbd:pinery-bushfire,1,0.846976
xbd:pinery-bushfire,1,0.088575
xbd:pinery-bushfire,1,0.000000
xbd:pinery-bushfire,1,0.797834
xbd:pinery-bushfire,1,0.005671
xbd:pinery-bushfire,1,0.000266
xbd:pinery-bushfire,1,0.015205
xbd:pinery-bushfire,1,0.000218
xbd:pinery-bushfire,1,0.951369
xbd:pinery-bushfire,1,0.220814
xbd:pinery-bushfire,1,0.190361
xbd:pinery-bushfire,1,0.010375
xbd:pinery-bushfire,1,0.002394
xbd:pinery-bushfire,1,0.005860
xbd:pinery-bushfire,1,0.072750
xbd:pinery-bushfire,1,0.998247
xbd:pinery-bushfire,1,0.358567
xbd:pinery-bushfire,1,0.991194
xbd:pinery-bushfire,1,0.677256
xbd:pinery-bushfire,1,0.002291
xbd:pinery-bushfire,1,0.003548
xbd:pinery-bushfire,1,0.893420
xbd:pinery-bushfire,1,0.034579
xbd:pinery-bushfire,1,0.835657
xbd:pinery-bushfire,1,0.996173
xbd:pinery-bushfire,1,0.001522
xbd:pinery-bushfire,1,0.427648
xbd:pinery-bushfire,1,0.000006
xbd:pinery-bushfire,1,0.000044
xbd:pinery-bushfire,1,0.136278
xbd:pinery-bushfire,1,0.061745
xbd:pinery-bushfire,1,0.001077
xbd:pinery-bushfire,1,0.000225
xbd:pinery-bushfire,1,0.284188
xbd:pinery-bushfire,1,0.000285
xbd:pinery-bushfire,1,0.108931
xbd:pinery-bushfire,1,0.214949
xbd:pinery-bushfire,1,0.005662
xbd:pinery-bushfire,1,0.000519
xbd:pinery-bushfire,1,0.002687
xbd:pinery-bushfire,1,0.998926
xbd:pinery-bushfire,1,0.001610
xbd:pinery-bushfire,1,0.065706
xbd:pinery-bushfire,1,0.011151
xbd:pinery-bushfire,1,0.003455
xbd:pinery-bushfire,1,0.017590
xbd:pinery-bushfire,1,0.002470
xbd:pinery-bushfire,1,0.012678
xbd:pinery-bushfire,1,0.039494
xbd:pinery-bushfire,1,0.000022
xbd:pinery-bushfire,1,0.001517
xbd:portugal-wildfire,1,0.924884
xbd:portugal-wildfire,1,0.366829
xbd:portugal-wildfire,1,0.000045
xbd:portugal-wildfire,1,0.740965
xbd:portugal-wildfire,1,0.006773
xbd:portugal-wildfire,1,0.759589
xbd:portugal-wildfire,1,0.000901
xbd:portugal-wildfire,1,0.083569
xbd:portugal-wildfire,1,0.015033
xbd:portugal-wildfire,1,0.208356
xbd:portugal-wildfire,1,0.405677
xbd:portugal-wildfire,1,0.126544
xbd:portugal-wildfire,1,0.971252
xbd:portugal-wildfire,1,0.473540
xbd:portugal-wildfire,1,0.001461
xbd:portugal-wildfire,1,0.002354
xbd:portugal-wildfire,1,0.000105
xbd:portugal-wildfire,1,0.999395
xbd:portugal-wildfire,1,0.555364
xbd:portugal-wildfire,1,0.000125
xbd:portugal-wildfire,1,0.096210
xbd:portugal-wildfire,1,0.995643
xbd:portugal-wildfire,1,0.271883
xbd:portugal-wildfire,1,0.023992
xbd:portugal-wildfire,1,0.003679
xbd:portugal-wildfire,1,0.000008
xbd:portugal-wildfire,1,0.000436
xbd:portugal-wildfire,1,0.000660
xbd:portugal-wildfire,1,0.035523
xbd:portugal-wildfire,1,0.017922
xbd:portugal-wildfire,1,0.022955
xbd:portugal-wildfire,1,0.004527
xbd:portugal-wildfire,1,0.004796
xbd:portugal-wildfire,1,0.000006
xbd:portugal-wildfire,1,0.000117
xbd:portugal-wildfire,1,0.955688
xbd:portugal-wildfire,1,0.497952
xbd:portugal-wildfire,1,0.000142
xbd:portugal-wildfire,1,0.034261
xbd:portugal-wildfire,1,0.296163
xbd:portugal-wildfire,1,0.983723
xbd:portugal-wildfire,1,0.000000
xbd:portugal-wildfire,1,0.091643
xbd:portugal-wildfire,1,0.088390
xbd:portugal-wildfire,1,0.570217
xbd:portugal-wildfire,1,0.000043
xbd:portugal-wildfire,1,0.000659
xbd:portugal-wildfire,1,0.014185
xbd:portugal-wildfire,1,0.001250
xbd:portugal-wildfire,1,0.367259
xbd:portugal-wildfire,1,0.164508
xbd:portugal-wildfire,1,0.044280
xbd:portugal-wildfire,1,0.122849
xbd:portugal-wildfire,1,0.805111
xbd:portugal-wildfire,1,0.008013
xbd:portugal-wildfire,1,0.000644
xbd:portugal-wildfire,1,0.132348
xbd:portugal-wildfire,1,0.000046
xbd:portugal-wildfire,1,0.000008
xbd:portugal-wildfire,1,0.000930
xbd:portugal-wildfire,1,0.434855
xbd:portugal-wildfire,1,0.549281
xbd:portugal-wildfire,1,0.003657
xbd:portugal-wildfire,1,0.033791
xbd:portugal-wildfire,1,0.000234
xbd:portugal-wildfire,1,0.354674
xbd:portugal-wildfire,1,0.001293
xbd:portugal-wildfire,1,0.004984
xbd:portugal-wildfire,1,0.060534
xbd:portugal-wildfire,1,0.152553
xbd:portugal-wildfire,1,0.031861
xbd:portugal-wildfire,1,0.007277
xbd:portugal-wildfire,1,0.218160
xbd:portugal-wildfire,1,0.012249
xbd:portugal-wildfire,1,0.567438
xbd:portugal-wildfire,1,0.022039
xbd:portugal-wildfire,1,0.005117
xbd:portugal-wildfire,1,0.565587
xbd:portugal-wildfire,1,0.704309
xbd:portugal-wildfire,1,0.075660
xbd:portugal-wildfire,1,0.008267
xbd:portugal-wildfire,1,0.066032
xbd:portugal-wildfire,1,0.996594
xbd:portugal-wildfire,1,0.841033
xbd:portugal-wildfire,1,0.001956
xbd:portugal-wildfire,1,0.084220
xbd:portugal-wildfire,1,0.000317
xbd:portugal-wildfire,1,0.166728
xbd:portugal-wildfire,1,0.583684
xbd:portugal-wildfire,1,0.000031
xbd:portugal-wildfire,1,0.000000
xbd:portugal-wildfire,1,0.530531
xbd:portugal-wildfire,1,0.000001
xbd:portugal-wildfire,1,0.373998
xbd:portugal-wildfire,1,0.028818
xbd:portugal-wildfire,1,0.000029
xbd:portugal-wildfire,1,0.013968
xbd:portugal-wildfire,1,0.218091
xbd:portugal-wildfire,1,0.002709
xbd:portugal-wildfire,1,0.300927
xbd:portugal-wildfire,1,0.008167
xbd:portugal-wildfire,1,0.457126
xbd:portugal-wildfire,1,0.000086
xbd:portugal-wildfire,1,0.001782
xbd:portugal-wildfire,1,0.014431
xbd:portugal-wildfire,1,0.086767
xbd:portugal-wildfire,1,0.076052
xbd:portugal-wildfire,1,0.000001
xbd:portugal-wildfire,1,0.523236
xbd:portugal-wildfire,1,0.888911
xbd:portugal-wildfire,1,0.001219
xbd:portugal-wildfire,1,0.002884
xbd:portugal-wildfire,1,0.002874
xbd:portugal-wildfire,1,0.402931
xbd:portugal-wildfire,1,0.162000
xbd:portugal-wildfire,1,0.120593
xbd:portugal-wildfire,1,0.005852
xbd:portugal-wildfire,1,0.000005
xbd:portugal-wildfire,1,0.001588
xbd:portugal-wildfire,1,0.042503
xbd:portugal-wildfire,1,0.000049
xbd:portugal-wildfire,1,0.841725
xbd:portugal-wildfire,1,0.089415
xbd:portugal-wildfire,1,0.425853
xbd:portugal-wildfire,1,0.404386
xbd:portugal-wildfire,1,0.000098
xbd:portugal-wildfire,1,0.130631
xbd:portugal-wildfire,1,0.000003
xbd:portugal-wildfire,1,0.097808
xbd:portugal-wildfire,1,0.000028
xbd:portugal-wildfire,1,0.004746
xbd:portugal-wildfire,1,0.000050
xbd:portugal-wildfire,1,0.051087
xbd:portugal-wildfire,1,0.000078
xbd:portugal-wildfire,1,0.419544
xbd:portugal-wildfire,1,0.013886
xbd:portugal-wildfire,1,0.572445
xbd:portugal-wildfire,1,0.000122
xbd:portugal-wildfire,1,0.986869
xbd:portugal-wildfire,1,0.294765
xbd:portugal-wildfire,1,0.000000
xbd:portugal-wildfire,1,0.000154
xbd:portugal-wildfire,1,0.302465
xbd:portugal-wildfire,1,0.303712
xbd:portugal-wildfire,1,0.000108
xbd:portugal-wildfire,1,0.000335
xbd:portugal-wildfire,1,0.694804
xbd:portugal-wildfire,1,0.405663
xbd:portugal-wildfire,1,0.000096
xbd:portugal-wildfire,1,0.000008
xbd:portugal-wildfire,1,0.935696
xbd:portugal-wildfire,1,0.400173
xbd:portugal-wildfire,1,0.133752
xbd:portugal-wildfire,1,0.000034
xbd:portugal-wildfire,1,0.000000
xbd:portugal-wildfire,1,0.947134
xbd:portugal-wildfire,1,0.000885
xbd:portugal-wildfire,1,0.000008
xbd:portugal-wildfire,1,0.000001
xbd:portugal-wildfire,1,0.229269
xbd:portugal-wildfire,1,0.000004
xbd:portugal-wildfire,1,0.002258
xbd:portugal-wildfire,1,0.003812
xbd:portugal-wildfire,1,0.815014
xbd:portugal-wildfire,1,0.014719
xbd:portugal-wildfire,1,0.044905
xbd:portugal-wildfire,1,0.000230
xbd:portugal-wildfire,1,0.252720
xbd:portugal-wildfire,1,0.001723
xbd:portugal-wildfire,1,0.875462
xbd:portugal-wildfire,1,0.810184
xbd:portugal-wildfire,1,0.015586
xbd:portugal-wildfire,1,0.911810
xbd:portugal-wildfire,1,0.011169
xbd:portugal-wildfire,1,0.012892
xbd:portugal-wildfire,1,0.000479
xbd:portugal-wildfire,1,0.004057
xbd:portugal-wildfire,1,0.971791
xbd:portugal-wildfire,1,0.732052
xbd:portugal-wildfire,1,0.000009
xbd:portugal-wildfire,1,0.009515
xbd:portugal-wildfire,1,0.295242
xbd:portugal-wildfire,1,0.026617
xbd:portugal-wildfire,1,0.460108
xbd:portugal-wildfire,1,0.152926
xbd:portugal-wildfire,1,0.990327
xbd:portugal-wildfire,1,0.003608
xbd:portugal-wildfire,1,0.200930
xbd:portugal-wildfire,1,0.550515
xbd:portugal-wildfire,1,0.000200
xbd:portugal-wildfire,1,0.987283
xbd:portugal-wildfire,1,0.000875
xbd:portugal-wildfire,1,0.000132
xbd:portugal-wildfire,1,0.003728
xbd:portugal-wildfire,1,0.053004
xbd:portugal-wildfire,1,0.000212
xbd:portugal-wildfire,1,0.989337
xbd:portugal-wildfire,1,0.904762
xbd:portugal-wildfire,1,0.011302
xbd:portugal-wildfire,1,0.000031
xbd:portugal-wildfire,1,0.830682
xbd:portugal-wildfire,1,0.479260
xbd:portugal-wildfire,1,0.000963
xbd:portugal-wildfire,1,0.005990
xbd:portugal-wildfire,1,0.008626
xbd:portugal-wildfire,1,0.000001
xbd:portugal-wildfire,1,0.006506
xbd:portugal-wildfire,1,0.001968
xbd:portugal-wildfire,1,0.000135
xbd:portugal-wildfire,1,0.021592
xbd:portugal-wildfire,1,0.000374
xbd:portugal-wildfire,1,0.170271
xbd:portugal-wildfire,1,0.000135
xbd:portugal-wildfire,1,0.987172
xbd:portugal-wildfire,1,0.534046
xbd:portugal-wildfire,1,0.000001
xbd:portugal-wildfire,1,0.000010
xbd:portugal-wildfire,1,0.844304
xbd:portugal-wildfire,1,0.037496
xbd:portugal-wildfire,1,0.023125
xbd:portugal-wildfire,1,0.109682
xbd:portugal-wildfire,1,0.057473
xbd:portugal-wildfire,1,0.000004
xbd:portugal-wildfire,1,0.092811
xbd:portugal-wildfire,1,0.006964
xbd:portugal-wildfire,1,0.000435
xbd:portugal-wildfire,1,0.434360
xbd:portugal-wildfire,1,0.016833
xbd:portugal-wildfire,1,0.963503
xbd:portugal-wildfire,1,0.991637
xbd:portugal-wildfire,1,0.001020
xbd:portugal-wildfire,1,0.011675
xbd:portugal-wildfire,1,0.181836
xbd:portugal-wildfire,1,0.005453
xbd:portugal-wildfire,1,0.044976
xbd:portugal-wildfire,1,0.601976
xbd:portugal-wildfire,1,0.171992
xbd:portugal-wildfire,1,0.000044
xbd:portugal-wildfire,1,0.000914
xbd:portugal-wildfire,1,0.047613
xbd:portugal-wildfire,1,0.077387
xbd:portugal-wildfire,1,0.000028
xbd:portugal-wildfire,1,0.003607
xbd:portugal-wildfire,1,0.001903
xbd:portugal-wildfire,1,0.003944
xbd:portugal-wildfire,1,0.000100
xbd:portugal-wildfire,1,0.006287
xbd:portugal-wildfire,1,0.989549
xbd:portugal-wildfire,1,0.049311
xbd:portugal-wildfire,1,0.008835
xbd:portugal-wildfire,1,0.021345
xbd:portugal-wildfire,1,0.705022
xbd:portugal-wildfire,1,0.150460
xbd:portugal-wildfire,1,0.011123
xbd:portugal-wildfire,1,0.004453
xbd:portugal-wildfire,1,0.872576
xbd:portugal-wildfire,1,0.062498
xbd:portugal-wildfire,1,0.025202
xbd:portugal-wildfire,1,0.012728
xbd:portugal-wildfire,1,0.355628
xbd:portugal-wildfire,1,0.003560
xbd:portugal-wildfire,1,0.351632
xbd:portugal-wildfire,1,0.205290
xbd:portugal-wildfire,1,0.000412
xbd:portugal-wildfire,1,0.000105
xbd:portugal-wildfire,1,0.001470
xbd:portugal-wildfire,1,0.000555
xbd:portugal-wildfire,1,0.014233
xbd:portugal-wildfire,1,0.001223
xbd:portugal-wildfire,1,0.229391
xbd:portugal-wildfire,1,0.010475
xbd:portugal-wildfire,1,0.681744
xbd:portugal-wildfire,1,0.000832
xbd:portugal-wildfire,1,0.039612
xbd:portugal-wildfire,1,0.961073
xbd:portugal-wildfire,1,0.027523
xbd:portugal-wildfire,1,0.025467
xbd:portugal-wildfire,1,0.052864
xbd:portugal-wildfire,1,0.000229
xbd:portugal-wildfire,1,0.013472
xbd:portugal-wildfire,1,0.413362
xbd:portugal-wildfire,1,0.062040
xbd:portugal-wildfire,1,0.010206
xbd:portugal-wildfire,1,0.938972
xbd:portugal-wildfire,1,0.000005
xbd:portugal-wildfire,1,0.000064
xbd:portugal-wildfire,1,0.754867
xbd:portugal-wildfire,1,0.403846
xbd:portugal-wildfire,1,0.386849
xbd:portugal-wildfire,1,0.008122
xbd:portugal-wildfire,1,0.001859
xbd:portugal-wildfire,1,0.432731
xbd:portugal-wildfire,1,0.958565
xbd:portugal-wildfire,1,0.000010
xbd:portugal-wildfire,1,0.008696
xbd:portugal-wildfire,1,0.756380
xbd:portugal-wildfire,1,0.647753
xbd:portugal-wildfire,1,0.272115
xbd:portugal-wildfire,1,0.001661
xbd:portugal-wildfire,1,0.018734
xbd:portugal-wildfire,1,0.919582
xbd:portugal-wildfire,1,0.000002
xbd:portugal-wildfire,1,0.014967
xbd:portugal-wildfire,1,0.621984
xbd:portugal-wildfire,1,0.000009
xbd:portugal-wildfire,1,0.006120
xbd:portugal-wildfire,1,0.000015
xbd:portugal-wildfire,1,0.001852
xbd:portugal-wildfire,1,0.000364
xbd:portugal-wildfire,1,0.734055
xbd:portugal-wildfire,1,0.003533
xbd:portugal-wildfire,1,0.992281
xbd:portugal-wildfire,1,0.843068
xbd:portugal-wildfire,1,0.000063
xbd:portugal-wildfire,1,0.699028
xbd:portugal-wildfire,1,0.017433
xbd:portugal-wildfire,1,0.676951
xbd:portugal-wildfire,1,0.002224
xbd:portugal-wildfire,1,0.000138
xbd:portugal-wildfire,1,0.866641
xbd:portugal-wildfire,1,0.001272
xbd:portugal-wildfire,1,0.186816
xbd:portugal-wildfire,1,0.005295
xbd:portugal-wildfire,1,0.194688
xbd:portugal-wildfire,1,0.556936
xbd:portugal-wildfire,1,0.000189
xbd:portugal-wildfire,1,0.007194
xbd:portugal-wildfire,1,0.759744
xbd:portugal-wildfire,1,0.943962
xbd:portugal-wildfire,1,0.000494
xbd:portugal-wildfire,1,0.006681
xbd:portugal-wildfire,1,0.000000
xbd:portugal-wildfire,1,0.002380
xbd:portugal-wildfire,1,0.003035
xbd:portugal-wildfire,1,0.000539
xbd:portugal-wildfire,1,0.000825
xbd:portugal-wildfire,1,0.346644
xbd:portugal-wildfire,1,0.686535
xbd:portugal-wildfire,1,0.000355
xbd:portugal-wildfire,1,0.000422
xbd:portugal-wildfire,1,0.000059
xbd:portugal-wildfire,1,0.002561
xbd:portugal-wildfire,1,0.000006
xbd:portugal-wildfire,1,0.115068
xbd:portugal-wildfire,1,0.725759
xbd:portugal-wildfire,1,0.139349
xbd:portugal-wildfire,1,0.994423
xbd:portugal-wildfire,1,0.000476
xbd:portugal-wildfire,1,0.005920
xbd:portugal-wildfire,1,0.784882
xbd:portugal-wildfire,1,0.009294
xbd:portugal-wildfire,1,0.217973
xbd:portugal-wildfire,1,0.053633
xbd:portugal-wildfire,1,0.999732
xbd:portugal-wildfire,1,0.012402
xbd:portugal-wildfire,1,0.000714
xbd:portugal-wildfire,1,0.031437
xbd:portugal-wildfire,1,0.056319
xbd:portugal-wildfire,1,0.995426
xbd:portugal-wildfire,1,0.807797
xbd:portugal-wildfire,1,0.270956
xbd:portugal-wildfire,1,0.095611
xbd:portugal-wildfire,1,0.721541
xbd:portugal-wildfire,1,0.011176
xbd:portugal-wildfire,1,0.100369
xbd:portugal-wildfire,1,0.000013
xbd:portugal-wildfire,1,0.000129
xbd:portugal-wildfire,1,0.033139
xbd:portugal-wildfire,1,0.774273
xbd:portugal-wildfire,1,0.192353
xbd:portugal-wildfire,1,0.932138
xbd:portugal-wildfire,1,0.176626
xbd:portugal-wildfire,1,0.000000
xbd:portugal-wildfire,1,0.000013
xbd:portugal-wildfire,1,0.031752
xbd:portugal-wildfire,1,0.050166
xbd:portugal-wildfire,1,0.006425
xbd:portugal-wildfire,1,0.000552
xbd:portugal-wildfire,1,0.983350
xbd:portugal-wildfire,1,0.917488
xbd:portugal-wildfire,1,0.709875
xbd:portugal-wildfire,1,0.064738
xbd:portugal-wildfire,1,0.729927
xbd:portugal-wildfire,1,0.000325
xbd:portugal-wildfire,1,0.020236
xbd:portugal-wildfire,1,0.855387
xbd:portugal-wildfire,1,0.032293
xbd:portugal-wildfire,1,0.985628
xbd:portugal-wildfire,1,0.000655
xbd:portugal-wildfire,1,0.011860
xbd:portugal-wildfire,1,0.013817
xbd:portugal-wildfire,1,0.136756
xbd:portugal-wildfire,1,0.006313
xbd:portugal-wildfire,1,0.012710
xbd:portugal-wildfire,1,0.660543
xbd:portugal-wildfire,1,0.979014
xbd:portugal-wildfire,1,0.000309
xbd:portugal-wildfire,1,0.984487
xbd:portugal-wildfire,1,0.705301
xbd:portugal-wildfire,1,0.656242
xbd:portugal-wildfire,1,0.039372
xbd:portugal-wildfire,1,0.868065
xbd:portugal-wildfire,1,0.070526
xbd:portugal-wildfire,1,0.861789
xbd:portugal-wildfire,1,0.000315
xbd:portugal-wildfire,1,0.453325
xbd:portugal-wildfire,1,0.000227
xbd:portugal-wildfire,1,0.957976
xbd:portugal-wildfire,1,0.000326
xbd:portugal-wildfire,1,0.000999
xbd:portugal-wildfire,1,0.249764
xbd:portugal-wildfire,1,0.999878
xbd:portugal-wildfire,1,0.000289
xbd:portugal-wildfire,1,0.000000
xbd:portugal-wildfire,1,0.013022
xbd:portugal-wildfire,1,0.000005
xbd:portugal-wildfire,1,0.045539
xbd:portugal-wildfire,1,0.228579
xbd:portugal-wildfire,1,0.000495
xbd:portugal-wildfire,1,0.000204
xbd:portugal-wildfire,1,0.029786
xbd:portugal-wildfire,1,0.991255
xbd:portugal-wildfire,1,0.000007
xbd:portugal-wildfire,1,0.000396
xbd:portugal-wildfire,1,0.000409
xbd:portugal-wildfire,1,0.000014
xbd:portugal-wildfire,1,0.241318
xbd:portugal-wildfire,1,0.021717
xbd:portugal-wildfire,1,0.026814
xbd:portugal-wildfire,1,0.097373
xbd:portugal-wildfire,1,0.010503
xbd:portugal-wildfire,1,0.000067
xbd:portugal-wildfire,1,0.385928
xbd:portugal-wildfire,1,0.000001
xbd:portugal-wildfire,1,0.000715
xbd:portugal-wildfire,1,0.486355
xbd:portugal-wildfire,1,0.046651
xbd:portugal-wildfire,1,0.119504
xbd:portugal-wildfire,1,0.550796
xbd:portugal-wildfire,1,0.003005
xbd:portugal-wildfire,1,0.575847
xbd:portugal-wildfire,1,0.249304
xbd:portugal-wildfire,1,0.065315
xbd:portugal-wildfire,1,0.025676
xbd:portugal-wildfire,1,0.037847
xbd:portugal-wildfire,1,0.877675
xbd:santa-rosa-wildfire,1,0.785044
xbd:santa-rosa-wildfire,1,0.000434
xbd:santa-rosa-wildfire,1,0.800313
xbd:santa-rosa-wildfire,1,0.033081
xbd:santa-rosa-wildfire,1,0.025123
xbd:santa-rosa-wildfire,1,0.024525
xbd:santa-rosa-wildfire,1,0.991413
xbd:santa-rosa-wildfire,1,0.985357
xbd:santa-rosa-wildfire,1,0.999875
xbd:santa-rosa-wildfire,1,0.999544
xbd:santa-rosa-wildfire,1,1.000000
xbd:santa-rosa-wildfire,1,0.993655
xbd:santa-rosa-wildfire,1,0.995428
xbd:santa-rosa-wildfire,1,0.895943
xbd:santa-rosa-wildfire,1,0.988578
xbd:santa-rosa-wildfire,1,0.001317
xbd:santa-rosa-wildfire,1,0.014476
xbd:santa-rosa-wildfire,1,0.238874
xbd:santa-rosa-wildfire,1,0.180048
xbd:santa-rosa-wildfire,1,0.000237
xbd:santa-rosa-wildfire,1,0.880851
xbd:santa-rosa-wildfire,1,0.999879
xbd:santa-rosa-wildfire,1,0.352607
xbd:santa-rosa-wildfire,1,0.013163
xbd:santa-rosa-wildfire,1,0.000494
xbd:santa-rosa-wildfire,1,0.879424
xbd:santa-rosa-wildfire,1,0.996793
xbd:santa-rosa-wildfire,1,0.999977
xbd:santa-rosa-wildfire,1,0.610113
xbd:santa-rosa-wildfire,1,0.024746
xbd:santa-rosa-wildfire,1,0.004987
xbd:santa-rosa-wildfire,1,0.994531
xbd:santa-rosa-wildfire,1,0.559156
xbd:santa-rosa-wildfire,1,0.999947
xbd:santa-rosa-wildfire,1,0.000159
xbd:santa-rosa-wildfire,1,0.417368
xbd:santa-rosa-wildfire,1,0.980895
xbd:santa-rosa-wildfire,1,0.020911
xbd:santa-rosa-wildfire,1,0.813474
xbd:santa-rosa-wildfire,1,0.842985
xbd:santa-rosa-wildfire,1,0.943036
xbd:santa-rosa-wildfire,1,0.999384
xbd:santa-rosa-wildfire,1,0.997053
xbd:santa-rosa-wildfire,1,0.996952
xbd:santa-rosa-wildfire,1,0.321306
xbd:santa-rosa-wildfire,1,0.090855
xbd:santa-rosa-wildfire,1,0.873729
xbd:santa-rosa-wildfire,1,0.928219
xbd:santa-rosa-wildfire,1,0.012389
xbd:santa-rosa-wildfire,1,0.891914
xbd:santa-rosa-wildfire,1,0.832625
xbd:santa-rosa-wildfire,1,0.999965
xbd:santa-rosa-wildfire,1,0.986395
xbd:santa-rosa-wildfire,1,0.984778
xbd:santa-rosa-wildfire,1,0.999707
xbd:santa-rosa-wildfire,1,0.920597
xbd:santa-rosa-wildfire,1,0.960772
xbd:santa-rosa-wildfire,1,0.000071
xbd:santa-rosa-wildfire,1,0.996423
xbd:santa-rosa-wildfire,1,0.623654
xbd:santa-rosa-wildfire,1,0.102794
xbd:santa-rosa-wildfire,1,0.102929
xbd:santa-rosa-wildfire,1,0.996306
xbd:santa-rosa-wildfire,1,0.999988
xbd:santa-rosa-wildfire,1,0.245557
xbd:santa-rosa-wildfire,1,0.999884
xbd:santa-rosa-wildfire,1,0.630462
xbd:santa-rosa-wildfire,1,0.569656
xbd:santa-rosa-wildfire,1,0.307652
xbd:santa-rosa-wildfire,1,0.956989
xbd:santa-rosa-wildfire,1,0.977352
xbd:santa-rosa-wildfire,1,0.970291
xbd:santa-rosa-wildfire,1,0.967828
xbd:santa-rosa-wildfire,1,0.029500
xbd:santa-rosa-wildfire,1,0.987987
xbd:santa-rosa-wildfire,1,0.984126
xbd:santa-rosa-wildfire,1,0.891122
xbd:santa-rosa-wildfire,1,0.997738
xbd:santa-rosa-wildfire,1,0.000123
xbd:santa-rosa-wildfire,1,0.984864
xbd:santa-rosa-wildfire,1,0.969243
xbd:santa-rosa-wildfire,1,0.864681
xbd:santa-rosa-wildfire,1,0.082627
xbd:santa-rosa-wildfire,1,0.984818
xbd:santa-rosa-wildfire,1,0.893979
xbd:santa-rosa-wildfire,1,0.711011
xbd:santa-rosa-wildfire,1,0.996694
xbd:santa-rosa-wildfire,1,0.951596
xbd:santa-rosa-wildfire,1,0.989910
xbd:santa-rosa-wildfire,1,0.999943
xbd:santa-rosa-wildfire,1,0.012339
xbd:santa-rosa-wildfire,1,0.300236
xbd:santa-rosa-wildfire,1,0.994562
xbd:santa-rosa-wildfire,1,0.818155
xbd:socal-fire,1,0.999561
xbd:socal-fire,1,0.992037
xbd:socal-fire,1,1.000000
xbd:socal-fire,1,0.999929
xbd:socal-fire,1,0.999753
xbd:socal-fire,1,0.989490
xbd:socal-fire,1,0.926670
xbd:socal-fire,1,0.999992
xbd:socal-fire,1,0.999990
xbd:socal-fire,1,0.887714
xbd:socal-fire,1,0.999682
xbd:socal-fire,1,0.992167
xbd:socal-fire,1,0.856166
xbd:socal-fire,1,0.999975
xbd:socal-fire,1,0.972164
xbd:socal-fire,1,0.999684
xbd:socal-fire,1,0.993344
xbd:socal-fire,1,0.999746
xbd:socal-fire,1,0.999515
xbd:socal-fire,1,0.997120
xbd:socal-fire,1,0.999929
xbd:socal-fire,1,0.999983
xbd:socal-fire,1,0.977236
xbd:socal-fire,1,0.999994
xbd:socal-fire,1,0.984326
xbd:socal-fire,1,0.999998
xbd:socal-fire,1,0.999605
xbd:socal-fire,1,0.999999
xbd:socal-fire,1,0.999977
xbd:socal-fire,1,0.999997
xbd:socal-fire,1,0.999997
xbd:socal-fire,1,0.986911
xbd:socal-fire,1,1.000000
xbd:socal-fire,1,0.993950
xbd:socal-fire,1,1.000000
xbd:socal-fire,1,0.249847
xbd:socal-fire,1,0.999995
xbd:socal-fire,1,0.999940
xbd:socal-fire,1,0.996186
xbd:socal-fire,1,0.839358
xbd:socal-fire,1,0.999981
xbd:socal-fire,1,1.000000
xbd:socal-fire,1,0.999998
xbd:socal-fire,1,0.999801
xbd:socal-fire,1,0.999995
xbd:socal-fire,1,1.000000
xbd:socal-fire,1,0.999996
xbd:socal-fire,1,0.997544
xbd:socal-fire,1,0.998852
xbd:socal-fire,1,0.999968
xbd:socal-fire,1,0.999925
xbd:socal-fire,1,0.992685
xbd:socal-fire,1,0.999982
xbd:socal-fire,1,0.999998
xbd:socal-fire,1,0.934443
xbd:socal-fire,1,0.951925
xbd:socal-fire,1,1.000000
xbd:socal-fire,1,0.999990
xbd:socal-fire,1,0.991823
xbd:socal-fire,1,0.999519
xbd:socal-fire,1,0.999947
xbd:socal-fire,1,1.000000
xbd:socal-fire,1,0.999987
xbd:socal-fire,1,0.999752
xbd:socal-fire,1,0.964179
xbd:socal-fire,1,1.000000
xbd:socal-fire,1,0.999834
xbd:socal-fire,1,0.999883
xbd:socal-fire,1,0.999996
xbd:socal-fire,1,0.033299
xbd:socal-fire,1,0.999894
xbd:socal-fire,1,0.994838
xbd:socal-fire,1,1.000000
xbd:socal-fire,1,0.999963
xbd:socal-fire,1,0.999964
xbd:socal-fire,1,0.995390
xbd:socal-fire,1,0.999945
xbd:socal-fire,1,0.999930
xbd:socal-fire,1,0.811540
xbd:socal-fire,1,0.997058
xbd:socal-fire,1,0.999939
xbd:socal-fire,1,0.999872
xbd:socal-fire,1,0.999995
xbd:socal-fire,1,0.999859
xbd:socal-fire,1,0.999997
xbd:socal-fire,1,0.999989
xbd:socal-fire,1,1.000000
xbd:socal-fire,1,0.999997
xbd:socal-fire,1,0.991816
xbd:socal-fire,1,0.999949
xbd:socal-fire,1,0.999953
xbd:socal-fire,1,0.999981
xbd:socal-fire,1,0.999354
xbd:socal-fire,1,0.997465
xbd:socal-fire,1,0.999470
xbd:socal-fire,1,0.999994
xbd:socal-fire,1,0.999999
xbd:socal-fire,1,0.999973
xbd:socal-fire,1,0.999967
xbd:socal-fire,1,0.987116
xbd:socal-fire,1,0.999844
xbd:socal-fire,1,0.999736
xbd:socal-fire,1,0.999919
xbd:socal-fire,1,1.000000
xbd:socal-fire,1,0.999964
xbd:socal-fire,1,0.219799
xbd:socal-fire,1,0.999956
xbd:socal-fire,1,0.999997
xbd:socal-fire,1,0.988902
xbd:socal-fire,1,0.999992
xbd:socal-fire,1,0.972350
xbd:socal-fire,1,0.999950
xbd:socal-fire,1,0.999997
xbd:socal-fire,1,0.999979
xbd:socal-fire,1,0.991332
xbd:socal-fire,1,0.999645
xbd:socal-fire,1,0.999047
xbd:socal-fire,1,0.999978
xbd:socal-fire,1,0.999999
xbd:socal-fire,1,0.996311
xbd:socal-fire,1,0.999041
xbd:socal-fire,1,0.981767
xbd:socal-fire,1,0.999999
xbd:socal-fire,1,0.039125
xbd:socal-fire,1,0.999960
xbd:socal-fire,1,0.996892
xbd:socal-fire,1,0.999969
xbd:socal-fire,1,0.995628
xbd:socal-fire,1,0.999817
xbd:socal-fire,1,0.976059
xbd:socal-fire,1,0.999873
xbd:socal-fire,1,0.999991
xbd:socal-fire,1,0.986535
xbd:socal-fire,1,0.999964
xbd:socal-fire,1,0.939664
xbd:socal-fire,1,0.997170
xbd:socal-fire,1,0.998443
xbd:socal-fire,1,1.000000
xbd:socal-fire,1,0.999981
xbd:socal-fire,1,0.189536
xbd:socal-fire,1,0.999991
xbd:socal-fire,1,0.999999
xbd:socal-fire,1,0.999994
xbd:socal-fire,1,0.999997
xbd:socal-fire,1,0.999999
xbd:socal-fire,1,0.999999
xbd:socal-fire,1,0.999868
xbd:socal-fire,1,0.988899
xbd:socal-fire,1,0.998318
xbd:socal-fire,1,0.999998
xbd:socal-fire,1,0.997669
xbd:socal-fire,1,0.999973
xbd:socal-fire,1,0.999998
xbd:socal-fire,1,0.999995
xbd:socal-fire,1,0.999994
xbd:socal-fire,1,1.000000
xbd:socal-fire,1,0.980823
xbd:socal-fire,1,0.999988
xbd:socal-fire,1,0.999641
xbd:socal-fire,1,0.999992
xbd:socal-fire,1,0.999980
xbd:socal-fire,1,0.997946
xbd:socal-fire,1,0.999953
xbd:socal-fire,1,0.999990
xbd:socal-fire,1,0.999394
xbd:socal-fire,1,0.999503
xbd:socal-fire,1,1.000000
xbd:socal-fire,1,0.999976
xbd:socal-fire,1,0.999982
xbd:socal-fire,1,0.999999
xbd:socal-fire,1,0.999999
xbd:socal-fire,1,0.999855
xbd:socal-fire,1,0.991228
xbd:socal-fire,1,0.998639
xbd:socal-fire,1,0.999991
xbd:socal-fire,1,0.707511
xbd:socal-fire,1,0.999773
xbd:socal-fire,1,0.999691
xbd:socal-fire,1,0.999971
xbd:sunda-tsunami,0,0.000002
xbd:sunda-tsunami,0,0.001112
xbd:sunda-tsunami,0,0.151686
xbd:sunda-tsunami,0,0.000224
xbd:sunda-tsunami,0,0.011025
xbd:sunda-tsunami,0,0.003341
xbd:sunda-tsunami,0,0.004554
xbd:sunda-tsunami,0,0.017294
xbd:sunda-tsunami,0,0.004890
xbd:sunda-tsunami,0,0.151947
xbd:sunda-tsunami,0,0.303202
xbd:sunda-tsunami,0,0.038234
xbd:sunda-tsunami,0,0.000186
xbd:sunda-tsunami,0,0.201432
xbd:sunda-tsunami,0,0.022236
xbd:sunda-tsunami,0,0.581133
xbd:sunda-tsunami,0,0.010648
xbd:sunda-tsunami,0,0.685717
xbd:sunda-tsunami,0,0.000457
xbd:sunda-tsunami,0,0.732065
xbd:sunda-tsunami,0,0.456261
xbd:sunda-tsunami,0,0.535863
xbd:sunda-tsunami,0,0.011599
xbd:sunda-tsunami,0,0.862898
xbd:sunda-tsunami,0,0.000732
xbd:sunda-tsunami,0,0.036949
xbd:sunda-tsunami,0,0.155371
xbd:sunda-tsunami,0,0.000120
xbd:sunda-tsunami,0,0.000002
xbd:sunda-tsunami,0,0.002513
xbd:sunda-tsunami,0,0.955499
xbd:sunda-tsunami,0,0.369750
xbd:sunda-tsunami,0,0.759683
xbd:sunda-tsunami,0,0.064329
xbd:sunda-tsunami,0,0.001782
xbd:sunda-tsunami,0,0.679674
xbd:sunda-tsunami,0,0.000567
xbd:sunda-tsunami,0,0.000101
xbd:sunda-tsunami,0,0.000258
xbd:sunda-tsunami,0,0.022916
xbd:sunda-tsunami,0,0.000700
xbd:sunda-tsunami,0,0.076420
xbd:sunda-tsunami,0,0.170669
xbd:sunda-tsunami,0,0.002088
xbd:sunda-tsunami,0,0.000046
xbd:sunda-tsunami,0,0.031070
xbd:sunda-tsunami,0,0.060943
xbd:sunda-tsunami,0,0.006203
xbd:sunda-tsunami,0,0.275731
xbd:sunda-tsunami,0,0.001673
xbd:sunda-tsunami,0,0.000045
xbd:sunda-tsunami,0,0.000028
xbd:sunda-tsunami,0,0.000017
xbd:sunda-tsunami,0,0.101735
xbd:sunda-tsunami,0,0.000764
xbd:sunda-tsunami,0,0.078400
xbd:sunda-tsunami,0,0.913279
xbd:sunda-tsunami,0,0.000003
xbd:sunda-tsunami,0,0.658353
xbd:sunda-tsunami,0,0.066411
xbd:sunda-tsunami,0,0.054176
xbd:sunda-tsunami,0,0.311438
xbd:sunda-tsunami,0,0.004101
xbd:sunda-tsunami,0,0.263537
xbd:sunda-tsunami,0,0.002250
xbd:sunda-tsunami,0,0.161228
xbd:sunda-tsunami,0,0.017718
xbd:sunda-tsunami,0,0.000784
xbd:sunda-tsunami,0,0.000108
xbd:sunda-tsunami,0,0.089941
xbd:sunda-tsunami,0,0.105951
xbd:sunda-tsunami,0,0.003727
xbd:sunda-tsunami,0,0.173257
xbd:sunda-tsunami,0,0.001877
xbd:sunda-tsunami,0,0.161530
xbd:sunda-tsunami,0,0.315005
xbd:sunda-tsunami,0,0.009408
xbd:sunda-tsunami,0,0.427466
xbd:sunda-tsunami,0,0.807322
xbd:sunda-tsunami,0,0.519091
xbd:sunda-tsunami,0,0.010906
xbd:sunda-tsunami,0,0.104003
xbd:sunda-tsunami,0,0.000018
xbd:sunda-tsunami,0,0.117362
xbd:sunda-tsunami,0,0.012450
xbd:sunda-tsunami,0,0.000374
xbd:sunda-tsunami,0,0.000001
xbd:sunda-tsunami,0,0.004921
xbd:sunda-tsunami,0,0.415433
xbd:sunda-tsunami,0,0.000191
xbd:sunda-tsunami,0,0.000402
xbd:sunda-tsunami,0,0.182572
xbd:sunda-tsunami,0,0.981713
xbd:sunda-tsunami,0,0.460247
xbd:sunda-tsunami,0,0.008729
xbd:sunda-tsunami,0,0.000350
xbd:sunda-tsunami,0,0.056709
xbd:sunda-tsunami,0,0.000127
xbd:sunda-tsunami,0,0.002328
xbd:sunda-tsunami,0,0.000009
xbd:sunda-tsunami,0,0.000154
xbd:sunda-tsunami,0,0.009957
xbd:sunda-tsunami,0,0.017255
xbd:sunda-tsunami,0,0.993784
xbd:sunda-tsunami,0,0.709845
xbd:tuscaloosa-tornado,0,0.044261
xbd:tuscaloosa-tornado,0,0.001808
xbd:tuscaloosa-tornado,0,0.000009
xbd:tuscaloosa-tornado,0,0.053154
xbd:tuscaloosa-tornado,0,0.000575
xbd:tuscaloosa-tornado,0,0.009267
xbd:tuscaloosa-tornado,0,0.223096
xbd:tuscaloosa-tornado,0,0.008876
xbd:tuscaloosa-tornado,0,0.090644
xbd:tuscaloosa-tornado,0,0.000070
xbd:tuscaloosa-tornado,0,0.021641
xbd:tuscaloosa-tornado,0,0.001982
xbd:tuscaloosa-tornado,0,0.044001
xbd:tuscaloosa-tornado,0,0.011113
xbd:tuscaloosa-tornado,0,0.000002
xbd:tuscaloosa-tornado,0,0.017746
xbd:tuscaloosa-tornado,0,0.000203
xbd:tuscaloosa-tornado,0,0.004710
xbd:tuscaloosa-tornado,0,0.980642
xbd:tuscaloosa-tornado,0,0.000002
xbd:tuscaloosa-tornado,0,0.004328
xbd:tuscaloosa-tornado,0,0.114366
xbd:tuscaloosa-tornado,0,0.626173
xbd:tuscaloosa-tornado,0,0.740617
xbd:tuscaloosa-tornado,0,0.000005
xbd:tuscaloosa-tornado,0,0.000069
xbd:tuscaloosa-tornado,0,0.838442
xbd:tuscaloosa-tornado,0,0.001862
xbd:tuscaloosa-tornado,0,0.013005
xbd:tuscaloosa-tornado,0,0.975391
xbd:tuscaloosa-tornado,0,0.353466
xbd:tuscaloosa-tornado,0,0.774313
xbd:tuscaloosa-tornado,0,0.924835
xbd:tuscaloosa-tornado,0,0.522206
xbd:tuscaloosa-tornado,0,0.000122
xbd:tuscaloosa-tornado,0,0.013350
xbd:tuscaloosa-tornado,0,0.087084
xbd:tuscaloosa-tornado,0,0.009446
xbd:tuscaloosa-tornado,0,0.000006
xbd:tuscaloosa-tornado,0,0.000921
xbd:tuscaloosa-tornado,0,0.769117
xbd:tuscaloosa-tornado,0,0.000444
xbd:tuscaloosa-tornado,0,0.022647
xbd:tuscaloosa-tornado,0,0.509240
xbd:tuscaloosa-tornado,0,0.028914
xbd:tuscaloosa-tornado,0,0.000125
xbd:tuscaloosa-tornado,0,0.000489
xbd:tuscaloosa-tornado,0,0.002183
xbd:tuscaloosa-tornado,0,0.017862
xbd:tuscaloosa-tornado,0,0.013536
xbd:tuscaloosa-tornado,0,0.000805
xbd:tuscaloosa-tornado,0,0.385527
xbd:tuscaloosa-tornado,0,0.088198
xbd:tuscaloosa-tornado,0,0.728442
xbd:tuscaloosa-tornado,0,0.000339
xbd:tuscaloosa-tornado,0,0.015492
xbd:tuscaloosa-tornado,0,0.436931
xbd:tuscaloosa-tornado,0,0.007268
xbd:tuscaloosa-tornado,0,0.975636
xbd:tuscaloosa-tornado,0,0.012645
xbd:tuscaloosa-tornado,0,0.009535
xbd:tuscaloosa-tornado,0,0.001558
xbd:tuscaloosa-tornado,0,0.000779
xbd:tuscaloosa-tornado,0,0.017354
xbd:tuscaloosa-tornado,0,0.016766
xbd:tuscaloosa-tornado,0,0.002190
xbd:tuscaloosa-tornado,0,0.439033
xbd:tuscaloosa-tornado,0,0.597284
xbd:tuscaloosa-tornado,0,0.005494
xbd:tuscaloosa-tornado,0,0.034775
xbd:tuscaloosa-tornado,0,0.001085
xbd:tuscaloosa-tornado,0,0.005517
xbd:tuscaloosa-tornado,0,0.000011
xbd:tuscaloosa-tornado,0,0.977902
xbd:tuscaloosa-tornado,0,0.068280
xbd:tuscaloosa-tornado,0,0.032166
xbd:tuscaloosa-tornado,0,0.654686
xbd:tuscaloosa-tornado,0,0.570178
xbd:tuscaloosa-tornado,0,0.913598
xbd:tuscaloosa-tornado,0,0.001944
xbd:tuscaloosa-tornado,0,0.994041
xbd:tuscaloosa-tornado,0,0.226260
xbd:tuscaloosa-tornado,0,0.917031
xbd:tuscaloosa-tornado,0,0.999047
xbd:tuscaloosa-tornado,0,0.004340
xbd:tuscaloosa-tornado,0,0.000390
xbd:tuscaloosa-tornado,0,0.000093
xbd:tuscaloosa-tornado,0,0.000009
xbd:tuscaloosa-tornado,0,0.526337
xbd:tuscaloosa-tornado,0,0.006511
xbd:tuscaloosa-tornado,0,0.444584
xbd:tuscaloosa-tornado,0,0.050083
xbd:tuscaloosa-tornado,0,0.002670
xbd:tuscaloosa-tornado,0,0.030667
xbd:tuscaloosa-tornado,0,0.063369
xbd:tuscaloosa-tornado,0,0.000065
xbd:tuscaloosa-tornado,0,0.009511
xbd:tuscaloosa-tornado,0,0.053985
xbd:tuscaloosa-tornado,0,0.276613
xbd:tuscaloosa-tornado,0,0.000048
xbd:tuscaloosa-tornado,0,0.026896
xbd:tuscaloosa-tornado,0,0.006528
xbd:tuscaloosa-tornado,0,0.000104
xbd:tuscaloosa-tornado,0,0.008142
xbd:tuscaloosa-tornado,0,0.006321
xbd:tuscaloosa-tornado,0,0.264557
xbd:tuscaloosa-tornado,0,0.003693
xbd:tuscaloosa-tornado,0,0.014144
xbd:tuscaloosa-tornado,0,0.037532
xbd:tuscaloosa-tornado,0,0.001400
xbd:tuscaloosa-tornado,0,0.015956
xbd:tuscaloosa-tornado,0,0.002622
xbd:tuscaloosa-tornado,0,0.005349
xbd:tuscaloosa-tornado,0,0.013135
xbd:tuscaloosa-tornado,0,0.000807
xbd:tuscaloosa-tornado,0,0.001680
xbd:tuscaloosa-tornado,0,0.063578
xbd:tuscaloosa-tornado,0,0.001729
xbd:tuscaloosa-tornado,0,0.953789
xbd:tuscaloosa-tornado,0,0.015403
xbd:tuscaloosa-tornado,0,0.045416
xbd:tuscaloosa-tornado,0,0.158249
xbd:tuscaloosa-tornado,0,0.497057
xbd:tuscaloosa-tornado,0,0.947861
xbd:tuscaloosa-tornado,0,0.307911
xbd:tuscaloosa-tornado,0,0.960739
xbd:tuscaloosa-tornado,0,0.005365
xbd:tuscaloosa-tornado,0,0.131555
xbd:tuscaloosa-tornado,0,0.002555
xbd:tuscaloosa-tornado,0,0.001422
xbd:tuscaloosa-tornado,0,0.000117
xbd:tuscaloosa-tornado,0,0.000037
xbd:tuscaloosa-tornado,0,0.008387
xbd:tuscaloosa-tornado,0,0.000052
xbd:tuscaloosa-tornado,0,0.005661
xbd:tuscaloosa-tornado,0,0.001493
xbd:tuscaloosa-tornado,0,0.007962
xbd:tuscaloosa-tornado,0,0.000074
xbd:tuscaloosa-tornado,0,0.000301
xbd:tuscaloosa-tornado,0,0.029594
xbd:tuscaloosa-tornado,0,0.463043
xbd:tuscaloosa-tornado,0,0.044816
xbd:tuscaloosa-tornado,0,0.326639
xbd:tuscaloosa-tornado,0,0.926430
xbd:tuscaloosa-tornado,0,0.000007
xbd:tuscaloosa-tornado,0,0.060731
xbd:tuscaloosa-tornado,0,0.001496
xbd:tuscaloosa-tornado,0,0.002260
xbd:tuscaloosa-tornado,0,0.004026
xbd:tuscaloosa-tornado,0,0.033087
xbd:tuscaloosa-tornado,0,0.897695
xbd:tuscaloosa-tornado,0,0.185388
xbd:tuscaloosa-tornado,0,0.200550
xbd:tuscaloosa-tornado,0,0.453679
xbd:tuscaloosa-tornado,0,0.499332
xbd:tuscaloosa-tornado,0,0.737874
xbd:tuscaloosa-tornado,0,0.041634
xbd:tuscaloosa-tornado,0,0.001027
xbd:tuscaloosa-tornado,0,0.050100
xbd:tuscaloosa-tornado,0,0.005887
xbd:tuscaloosa-tornado,0,0.000430
xbd:tuscaloosa-tornado,0,0.977928
xbd:tuscaloosa-tornado,0,0.914584
xbd:tuscaloosa-tornado,0,0.168253
xbd:tuscaloosa-tornado,0,0.001474
xbd:tuscaloosa-tornado,0,0.003960
xbd:tuscaloosa-tornado,0,0.244234
xbd:tuscaloosa-tornado,0,0.033025
xbd:tuscaloosa-tornado,0,0.000001
xbd:tuscaloosa-tornado,0,0.006545
xbd:tuscaloosa-tornado,0,0.787663
xbd:tuscaloosa-tornado,0,0.003848
xbd:tuscaloosa-tornado,0,0.000015
xbd:tuscaloosa-tornado,0,0.947668
xbd:tuscaloosa-tornado,0,0.001516
xbd:tuscaloosa-tornado,0,0.003227
xbd:tuscaloosa-tornado,0,0.994538
xbd:tuscaloosa-tornado,0,0.181025
xbd:tuscaloosa-tornado,0,0.000850
xbd:tuscaloosa-tornado,0,0.317614
xbd:tuscaloosa-tornado,0,0.681173
xbd:tuscaloosa-tornado,0,0.763157
xbd:tuscaloosa-tornado,0,0.571990
xbd:tuscaloosa-tornado,0,0.000365
xbd:tuscaloosa-tornado,0,0.000622
xbd:tuscaloosa-tornado,0,0.980659
xbd:tuscaloosa-tornado,0,0.603780
xbd:tuscaloosa-tornado,0,0.406841
xbd:tuscaloosa-tornado,0,0.002985
xbd:tuscaloosa-tornado,0,0.004454
xbd:tuscaloosa-tornado,0,0.122706
xbd:tuscaloosa-tornado,0,0.360696
xbd:tuscaloosa-tornado,0,0.000006
xbd:tuscaloosa-tornado,0,0.228485
xbd:tuscaloosa-tornado,0,0.000157
xbd:tuscaloosa-tornado,0,0.529830
xbd:tuscaloosa-tornado,0,0.011464
xbd:tuscaloosa-tornado,0,0.000065
xbd:tuscaloosa-tornado,0,0.009999
xbd:tuscaloosa-tornado,0,0.360489
xbd:tuscaloosa-tornado,0,0.005500
xbd:tuscaloosa-tornado,0,0.001675
xbd:tuscaloosa-tornado,0,0.008486
xbd:tuscaloosa-tornado,0,0.221379
xbd:tuscaloosa-tornado,0,0.961389
xbd:tuscaloosa-tornado,0,0.000002
xbd:tuscaloosa-tornado,0,0.006944
xbd:tuscaloosa-tornado,0,0.001691
xbd:tuscaloosa-tornado,0,0.017723
xbd:tuscaloosa-tornado,0,0.093551
xbd:tuscaloosa-tornado,0,0.001129
xbd:tuscaloosa-tornado,0,0.002430
xbd:tuscaloosa-tornado,0,0.003310
xbd:tuscaloosa-tornado,0,0.001249
xbd:tuscaloosa-tornado,0,0.000568
xbd:tuscaloosa-tornado,0,0.655189
xbd:tuscaloosa-tornado,0,0.040711
xbd:tuscaloosa-tornado,0,0.704826
xbd:tuscaloosa-tornado,0,0.145422
xbd:tuscaloosa-tornado,0,0.017800
xbd:tuscaloosa-tornado,0,0.001968
xbd:tuscaloosa-tornado,0,0.028330
xbd:tuscaloosa-tornado,0,0.000033
xbd:tuscaloosa-tornado,0,0.131637
xbd:tuscaloosa-tornado,0,0.312940
xbd:tuscaloosa-tornado,0,0.050239
xbd:tuscaloosa-tornado,0,0.993135
xbd:tuscaloosa-tornado,0,0.000001
xbd:tuscaloosa-tornado,0,0.439026
xbd:tuscaloosa-tornado,0,0.071482
xbd:tuscaloosa-tornado,0,0.893854
xbd:tuscaloosa-tornado,0,0.000000
xbd:tuscaloosa-tornado,0,0.047859
xbd:tuscaloosa-tornado,0,0.008497
xbd:tuscaloosa-tornado,0,0.034095
xbd:tuscaloosa-tornado,0,0.005521
xbd:tuscaloosa-tornado,0,0.606001
xbd:tuscaloosa-tornado,0,0.979281
xbd:tuscaloosa-tornado,0,0.001771
xbd:tuscaloosa-tornado,0,0.037103
xbd:tuscaloosa-tornado,0,0.018793
xbd:tuscaloosa-tornado,0,0.997852
xbd:tuscaloosa-tornado,0,0.205161
xbd:tuscaloosa-tornado,0,0.309398
xbd:tuscaloosa-tornado,0,0.002688
xbd:tuscaloosa-tornado,0,0.000017
xbd:tuscaloosa-tornado,0,0.027982
xbd:tuscaloosa-tornado,0,0.947029
xbd:tuscaloosa-tornado,0,0.031764
xbd:tuscaloosa-tornado,0,0.017097
xbd:tuscaloosa-tornado,0,0.880029
xbd:tuscaloosa-tornado,0,0.872385
xbd:tuscaloosa-tornado,0,0.000011
xbd:tuscaloosa-tornado,0,0.615050
xbd:tuscaloosa-tornado,0,0.954704
xbd:tuscaloosa-tornado,0,0.000389
xbd:tuscaloosa-tornado,0,0.016179
xbd:tuscaloosa-tornado,0,0.057891
xbd:tuscaloosa-tornado,0,0.015529
xbd:tuscaloosa-tornado,0,0.044116
xbd:tuscaloosa-tornado,0,0.008770
xbd:tuscaloosa-tornado,0,0.001691
xbd:tuscaloosa-tornado,0,0.012373
xbd:tuscaloosa-tornado,0,0.863758
xbd:tuscaloosa-tornado,0,0.961463
xbd:tuscaloosa-tornado,0,0.931430
xbd:tuscaloosa-tornado,0,0.945183
xbd:tuscaloosa-tornado,0,0.033279
xbd:tuscaloosa-tornado,0,0.000744
xbd:tuscaloosa-tornado,0,0.514453
xbd:tuscaloosa-tornado,0,0.109120
xbd:tuscaloosa-tornado,0,0.848868
xbd:tuscaloosa-tornado,0,0.075938
xbd:tuscaloosa-tornado,0,0.889888
xbd:tuscaloosa-tornado,0,0.998700
xbd:tuscaloosa-tornado,0,0.000423
xbd:tuscaloosa-tornado,0,0.118213
xbd:tuscaloosa-tornado,0,0.963437
xbd:tuscaloosa-tornado,0,0.029687
xbd:tuscaloosa-tornado,0,0.135728
xbd:tuscaloosa-tornado,0,0.001737
xbd:tuscaloosa-tornado,0,0.000870
xbd:tuscaloosa-tornado,0,0.061928
xbd:tuscaloosa-tornado,0,0.675497
xbd:tuscaloosa-tornado,0,0.190556
xbd:tuscaloosa-tornado,0,0.011554
xbd:tuscaloosa-tornado,0,0.376471
xbd:tuscaloosa-tornado,0,0.663784
xbd:woolsey-fire,1,0.999991
xbd:woolsey-fire,1,1.000000
xbd:woolsey-fire,1,1.000000
xbd:woolsey-fire,1,1.000000
xbd:woolsey-fire,1,1.000000
xbd:woolsey-fire,1,0.999999
xbd:woolsey-fire,1,1.000000
xbd:woolsey-fire,1,0.999997
xbd:woolsey-fire,1,0.999996
xbd:woolsey-fire,1,0.999998
xbd:woolsey-fire,1,0.999968
xbd:woolsey-fire,1,1.000000
xbd:woolsey-fire,1,1.000000
xbd:woolsey-fire,1,0.999989
xbd:woolsey-fire,1,0.999998
xbd:woolsey-fire,1,0.999901
xbd:woolsey-fire,1,0.999993
xbd:woolsey-fire,1,1.000000
xbd:woolsey-fire,1,0.999999
xbd:woolsey-fire,1,1.000000
xbd:woolsey-fire,1,0.999998
xbd:woolsey-fire,1,1.000000
xbd:woolsey-fire,1,0.999998
xbd:woolsey-fire,1,1.000000
xbd:woolsey-fire,1,0.999998
xbd:woolsey-fire,1,0.999385
xbd:woolsey-fire,1,1.000000
xbd:woolsey-fire,1,0.999890
xbd:woolsey-fire,1,1.000000
xbd:woolsey-fire,1,0.999997
xbd:woolsey-fire,1,0.999228
xbd:woolsey-fire,1,0.999999
xbd:woolsey-fire,1,1.000000
xbd:woolsey-fire,1,0.999999
xbd:woolsey-fire,1,0.999993
xbd:woolsey-fire,1,1.000000
xbd:woolsey-fire,1,0.999998
xbd:woolsey-fire,1,0.999985
xbd:woolsey-fire,1,0.999702
xbd:woolsey-fire,1,0.999993
xbd:woolsey-fire,1,0.999978
xbd:woolsey-fire,1,0.994821
xbd:woolsey-fire,1,1.000000
xbd:woolsey-fire,1,0.999999
xbd:woolsey-fire,1,1.000000
xbd:woolsey-fire,1,0.999905
xbd:woolsey-fire,1,0.969818
xbd:woolsey-fire,1,0.999593
xbd:woolsey-fire,1,1.000000
xbd:woolsey-fire,1,0.999995
xbd:woolsey-fire,1,1.000000
xbd:woolsey-fire,1,0.999998
xbd:woolsey-fire,1,1.000000
xbd:woolsey-fire,1,0.999997
xbd:woolsey-fire,1,0.999993
xbd:woolsey-fire,1,1.000000
xbd:woolsey-fire,1,0.999933
xbd:woolsey-fire,1,1.000000
xbd:woolsey-fire,1,0.999964
xbd:woolsey-fire,1,0.999999
xbd:woolsey-fire,1,1.000000
xbd:woolsey-fire,1,0.996081
xbd:woolsey-fire,1,0.999994
xbd:woolsey-fire,1,0.999982
xbd:woolsey-fire,1,0.999978
xbd:woolsey-fire,1,0.999986
xbd:woolsey-fire,1,0.999987
xbd:woolsey-fire,1,0.999997
xbd:woolsey-fire,1,1.000000
xbd:woolsey-fire,1,1.000000
xbd:woolsey-fire,1,0.999998
xbd:woolsey-fire,1,0.999998
xbd:woolsey-fire,1,1.000000
xbd:woolsey-fire,1,0.997016
xbd:woolsey-fire,1,0.999968
xbd:woolsey-fire,1,1.000000
xbd:woolsey-fire,1,0.999993
xbd:woolsey-fire,1,0.999780
xbd:woolsey-fire,1,0.999999
xbd:woolsey-fire,1,0.999998
xbd:woolsey-fire,1,0.998968
xbd:woolsey-fire,1,0.998902
xbd:woolsey-fire,1,1.000000
xbd:woolsey-fire,1,0.999997
xbd:woolsey-fire,1,0.999999
xbd:woolsey-fire,1,0.999999
xbd:woolsey-fire,1,0.999828
xbd:woolsey-fire,1,1.000000
xbd:woolsey-fire,1,0.999998
xbd:woolsey-fire,1,0.999993
xbd:woolsey-fire,1,1.000000
xbd:woolsey-fire,1,1.000000
xbd:woolsey-fire,1,0.999716
xbd:woolsey-fire,1,1.000000
xbd:woolsey-fire,1,1.000000
xbd:woolsey-fire,1,1.000000
xbd:woolsey-fire,1,0.999964
xbd:woolsey-fire,1,0.999069
xbd:woolsey-fire,1,0.999992
xbd:woolsey-fire,1,1.000000
xbd:woolsey-fire,1,0.999186
xbd:woolsey-fire,1,0.999973
xbd:woolsey-fire,1,0.999999
xbd:woolsey-fire,1,0.999185
xbd:woolsey-fire,1,0.999995
xbd:woolsey-fire,1,1.000000
xbd:woolsey-fire,1,1.000000
xbd:woolsey-fire,1,0.999999
xbd:woolsey-fire,1,0.999999
xbd:woolsey-fire,1,0.999961
xbd:woolsey-fire,1,1.000000
xbd:woolsey-fire,1,1.000000
xbd:woolsey-fire,1,0.999999
xbd:woolsey-fire,1,0.999970
xbd:woolsey-fire,1,0.999683
xbd:woolsey-fire,1,1.000000
xbd:woolsey-fire,1,0.999995
xbd:woolsey-fire,1,0.999959
xbd:woolsey-fire,1,0.994580
xbd:woolsey-fire,1,0.999993
xbd:woolsey-fire,1,1.000000
xbd:woolsey-fire,1,0.999982
xbd:woolsey-fire,1,0.999966
xbd:woolsey-fire,1,0.999999
xbd:woolsey-fire,1,0.999968
xbd:woolsey-fire,1,0.999967
xbd:woolsey-fire,1,0.999582
xbd:woolsey-fire,1,0.999992
xbd:woolsey-fire,1,0.999701
xbd:woolsey-fire,1,0.999998
xbd:woolsey-fire,1,1.000000
xbd:woolsey-fire,1,1.000000
xbd:woolsey-fire,1,1.000000
xbd:woolsey-fire,1,1.000000
xbd:woolsey-fire,1,0.999926
xbd:woolsey-fire,1,0.999997
xbd:woolsey-fire,1,0.999843
xbd:woolsey-fire,1,0.999997
xbd:woolsey-fire,1,1.000000
xbd:woolsey-fire,1,0.999776
xbd:woolsey-fire,1,1.000000
xbd:woolsey-fire,1,0.999997
xbd:woolsey-fire,1,0.999997
xbd:woolsey-fire,1,0.999998
xbd:woolsey-fire,1,0.999976
xbd:woolsey-fire,1,0.999999
xbd:woolsey-fire,1,0.999850
xbd:woolsey-fire,1,0.998780
xbd:woolsey-fire,1,0.999999
xbd:woolsey-fire,1,1.000000
xbd:woolsey-fire,1,0.999999
xbd:woolsey-fire,1,0.999977
xbd:woolsey-fire,1,0.999972
xbd:woolsey-fire,1,0.999997
xbd:woolsey-fire,1,1.000000
xbd:woolsey-fire,1,1.000000
xbd:woolsey-fire,1,1.000000
xbd:woolsey-fire,1,0.999999
xbd:woolsey-fire,1,0.999999
xbd:woolsey-fire,1,0.999892
xbd:woolsey-fire,1,0.999996
xbd:woolsey-fire,1,0.999938
xbd:woolsey-fire,1,0.959402
xbd:woolsey-fire,1,1.000000
xbd:woolsey-fire,1,0.999999
xbd:woolsey-fire,1,1.000000
xbd:woolsey-fire,1,1.000000
xbd:woolsey-fire,1,0.999994
xbd:woolsey-fire,1,0.999912
